Gene_set,Term,Overlap,P-value,Adjusted P-value,Old P-value,Old Adjusted P-value,Odds Ratio,Combined Score,Genes
KEGG_2021_Human,Cell cycle,8/124,2.0548509209107498e-13,4.931642210185799e-12,0,0,114.16091954022988,3335.028938896468,CDC20;CCNB2;CCNB1;PCNA;CHEK2;PLK1;CHEK1;CDK1
KEGG_2021_Human,Oocyte meiosis,6/129,2.3047370325104794e-09,2.7656844390125754e-08,0,0,69.18815331010452,1376.0346977719944,CDC20;CCNB2;CCNB1;PLK1;CDK1;AURKA
KEGG_2021_Human,p53 signaling pathway,5/73,8.371752707144411e-09,6.697402165715529e-08,0,0,97.6078431372549,1815.3499607424485,CCNB2;CCNB1;CHEK2;CHEK1;CDK1
KEGG_2021_Human,Progesterone-mediated oocyte maturation,5/100,4.125948781479833e-08,2.4755692688879e-07,0,0,69.7719298245614,1186.3589670673543,CCNB2;CCNB1;PLK1;CDK1;AURKA
KEGG_2021_Human,Cellular senescence,5/156,3.818484159979048e-07,1.8328723967899424e-06,0,0,43.77262693156733,646.8824791917403,CCNB2;CCNB1;CHEK2;CHEK1;CDK1
KEGG_2021_Human,Human immunodeficiency virus 1 infection,4/212,5.203990589342339e-05,0.00020245469593573165,0,0,23.76442307692308,234.40038019105668,CCNB2;CCNB1;CHEK1;CDK1
KEGG_2021_Human,Human T-cell leukemia virus 1 infection,4/219,5.90492863145884e-05,0.00020245469593573165,0,0,22.982558139534884,223.7843425307344,CDC20;CCNB2;CHEK2;CHEK1
KEGG_2021_Human,FoxO signaling pathway,3/131,0.00028855049794020246,0.0008656514938206074,0,0,27.36948529411765,223.07883396526145,CCNB2;CCNB1;PLK1
KEGG_2021_Human,Viral carcinogenesis,3/203,0.0010340288737092,0.0027574103298914,0,0,17.45294117647059,119.9766240111724,CDC20;CHEK1;CDK1
KEGG_2021_Human,Ubiquitin mediated proteolysis,2/140,0.0085108669895334,0.0204260807748801,0,0,15.97584541062802,76.1474526911422,CDC20;UBE2C
KEGG_2021_Human,Hepatitis B,2/162,0.0112582429558997,0.0245634391765085,0,0,13.76388888888889,61.75381693106292,PCNA;BIRC5
KEGG_2021_Human,One carbon pool by folate,1/20,0.019820311238232,0.0396406224764641,0,0,55.29362880886426,216.80897525048425,TYMS
KEGG_2021_Human,Mismatch repair,1/23,0.0227609834903901,0.0420202772130278,0,0,47.74641148325359,180.6107068727385,PCNA
KEGG_2021_Human,Base excision repair,1/33,0.0325028162269628,0.0557191135319363,0,0,32.80921052631579,112.41841533087528,PCNA
KEGG_2021_Human,DNA replication,1/36,0.0354073301248565,0.0566517281997704,0,0,29.99248120300752,100.19997336732251,PCNA
KEGG_2021_Human,Nucleotide excision repair,1/47,0.0459865060964822,0.0689797591447233,0,0,22.80778032036613,70.23444455974413,PCNA
KEGG_2021_Human,Pyrimidine metabolism,1/56,0.0545601179499192,0.0770260488704742,0,0,19.066985645933013,55.45541451142644,TYMS
KEGG_2021_Human,Colorectal cancer,1/86,0.0826132694677771,0.1066801062120414,0,0,12.318885448916408,30.718187529247054,BIRC5
KEGG_2021_Human,Gap junction,1/88,0.0844550840845328,0.1066801062120414,0,0,12.03448275862069,29.7436505826784,CDK1
KEGG_2021_Human,Apoptosis,1/142,0.1328766671456546,0.1594520005747855,0,0,7.405375139977604,14.946519655220376,BIRC5
KEGG_2021_Human,Hippo signaling pathway,1/163,0.151041964046623,0.170362120391098,0,0,6.43859649122807,12.17021946242288,BIRC5
KEGG_2021_Human,Tight junction,1/169,0.1561652770251732,0.170362120391098,0,0,6.206766917293233,11.524975344842169,PCNA
KEGG_2021_Human,Chemical carcinogenesis,1/239,0.2138077489172732,0.2231037380006329,0,0,4.365767359575409,6.734973421497441,BIRC5
KEGG_2021_Human,Pathways in cancer,1/531,0.4163387869660503,0.4163387869660503,0,0,1.9314796425024827,1.6924705452954076,BIRC5
Reactome_2022,Cell Cycle R-HSA-1640170,18/654,2.5951309269192827e-25,5.1124079260309883e-23,0,0,273.7358490566038,15496.457511027364,TOP2A;PCNA;UBE2C;PLK1;TYMS;CENPA;AURKB;AURKA;CDC20;CCNB2;CENPF;CCNB1;CHEK2;CHEK1;CDK1;BIRC5;KIF2C;KIF20A
Reactome_2022,"Cell Cycle, Mitotic R-HSA-69278",16/523,1.6760951736936153e-22,1.650953746088211e-20,0,0,153.63313609467457,7703.227705030042,TOP2A;PCNA;UBE2C;PLK1;TYMS;CENPA;AURKB;AURKA;CDC20;CCNB2;CENPF;CCNB1;CDK1;BIRC5;KIF2C;KIF20A
Reactome_2022,Cell Cycle Checkpoints R-HSA-69620,13/271,2.768681389139629e-20,1.8181007788683564e-18,0,0,141.96345514950167,6393.087221049486,UBE2C;PLK1;CENPA;AURKB;CDC20;CCNB2;CENPF;CCNB1;CHEK2;CHEK1;CDK1;BIRC5;KIF2C
Reactome_2022,Resolution Of Sister Chromatid Cohesion R-HSA-2500257,10/106,1.999166341173809e-18,9.84589423028101e-17,0,0,207.125,8441.13111697241,CDC20;CCNB2;CENPF;CCNB1;PLK1;CDK1;BIRC5;KIF2C;CENPA;AURKB
Reactome_2022,Mitotic Anaphase R-HSA-68882,11/232,6.177188066242972e-17,2.127788572583397e-15,0,0,109.27551533433886,4078.4991744163167,CDC20;CCNB2;CENPF;CCNB1;UBE2C;PLK1;CDK1;BIRC5;KIF2C;CENPA;AURKB
Reactome_2022,Mitotic Metaphase And Anaphase R-HSA-2555396,11/233,6.480574332741311e-17,2.127788572583397e-15,0,0,108.77777777777776,4054.70661739623,CDC20;CCNB2;CENPF;CCNB1;UBE2C;PLK1;CDK1;BIRC5;KIF2C;CENPA;AURKB
Reactome_2022,M Phase R-HSA-68886,12/380,2.0451646155279064e-16,5.755677560842822e-15,0,0,79.94021739130434,2887.910956865285,CDC20;CCNB2;CENPF;CCNB1;UBE2C;PLK1;CDK1;BIRC5;KIF2C;KIF20A;CENPA;AURKB
Reactome_2022,Mitotic Prometaphase R-HSA-68877,10/186,6.461700605785256e-16,1.5911937741746194e-14,0,0,112.52272727272728,3935.5351542437593,CDC20;CCNB2;CENPF;CCNB1;PLK1;CDK1;BIRC5;KIF2C;CENPA;AURKB
Reactome_2022,Mitotic Spindle Checkpoint R-HSA-69618,8/110,7.70461779263001e-14,1.6864552279423466e-12,0,0,129.92156862745097,3922.900101137744,CDC20;CENPF;UBE2C;PLK1;BIRC5;KIF2C;CENPA;AURKB
Reactome_2022,APC/C-mediated Degradation Of Cell Cycle Proteins R-HSA-174143,7/87,1.7052951703445597e-12,3.3594314855787826e-11,0,0,133.94230769230768,3629.472603782481,CDC20;CCNB1;UBE2C;PLK1;CDK1;AURKB;AURKA
Reactome_2022,Separation Of Sister Chromatids R-HSA-2467813,8/170,2.6656799504115344e-12,4.523309216791648e-11,0,0,81.55555555555556,2173.5013856988803,CDC20;CENPF;UBE2C;PLK1;BIRC5;KIF2C;CENPA;AURKB
Reactome_2022,Unattached Kinetochores Signal Amplification Via A MAD2 Inhibitory Signal R-HSA-141444,7/93,2.755315258959379e-12,4.523309216791648e-11,0,0,124.55992844364935,3315.472556118634,CDC20;CENPF;PLK1;BIRC5;KIF2C;CENPA;AURKB
Reactome_2022,EML4 And NUDC In Mitotic Spindle Formation R-HSA-9648025,7/97,3.7277164186412556e-12,5.648924111325596e-11,0,0,119.0,3131.511809505186,CDC20;CENPF;PLK1;BIRC5;KIF2C;CENPA;AURKB
Reactome_2022,Phosphorylation Of Emi1 R-HSA-176417,4/6,1.0887255347176767e-11,1.5319923595670164e-10,0,0,2497.25,63039.15118478884,CDC20;CCNB1;PLK1;CDK1
Reactome_2022,RHO GTPases Activate Formins R-HSA-5663220,7/119,1.6052721893907908e-11,2.108257475399905e-10,0,0,95.51923076923076,2374.1441106304023,CDC20;CENPF;PLK1;BIRC5;KIF2C;CENPA;AURKB
Reactome_2022,"Activation Of NIMA Kinases NEK9, NEK6, NEK7 R-HSA-2980767",4/7,2.5387841792282625e-11,3.1258780206747975e-10,0,0,1664.75,40614.4907712718,CCNB2;CCNB1;PLK1;CDK1
Reactome_2022,Chk1/Chk2(Cds1) Mediated Inactivation Of Cyclin B:Cdk1 Complex R-HSA-75035,4/13,5.166823063302324e-10,5.987436138062106e-09,0,0,554.75,11862.548175046626,CCNB1;CHEK2;CHEK1;CDK1
Reactome_2022,SUMOylation Of DNA Replication Proteins R-HSA-4615885,5/45,6.929733927038858e-10,7.495300725504758e-09,0,0,166.16666666666666,3504.459903884481,TOP2A;PCNA;BIRC5;AURKB;AURKA
Reactome_2022,Golgi Cisternae Pericentriolar Stack Reorganization R-HSA-162658,4/14,7.228970242872608e-10,7.495300725504758e-09,0,0,499.25,10508.09135039347,CCNB2;CCNB1;PLK1;CDK1
Reactome_2022,Transcriptional Regulation By TP53 R-HSA-3700989,8/354,9.316349311007835e-10,9.176604071342718e-09,0,0,37.83044315992293,786.6492646355089,CCNB1;PCNA;CHEK2;CHEK1;CDK1;BIRC5;AURKB;AURKA
Reactome_2022,Polo-like Kinase Mediated Events R-HSA-156711,4/16,1.312691232730306e-09,1.231429394513668e-08,0,0,416.0,8507.69355527449,CCNB2;CCNB1;CENPF;PLK1
Reactome_2022,TP53 Regulates Transcription Of Genes Involved In G2 Cell Cycle Arrest R-HSA-6804114,4/18,2.204249000293668e-09,1.9738047866266028e-08,0,0,356.5357142857143,7106.783243299639,CCNB1;PCNA;CDK1;AURKA
Reactome_2022,Phosphorylation Of APC/C R-HSA-176412,4/20,3.485623108253881e-09,2.9855119666348465e-08,0,0,311.9375,6074.863967903783,CCNB1;UBE2C;PLK1;CDK1
Reactome_2022,RHO GTPase Effectors R-HSA-195258,7/269,4.916003482707899e-09,4.0352195253894005e-08,0,0,40.52436876100998,775.2623756009043,CDC20;CENPF;PLK1;BIRC5;KIF2C;CENPA;AURKB
Reactome_2022,APC/C:Cdc20 Mediated Degradation Of Cyclin B R-HSA-174048,4/24,7.625177432915028e-09,6.008639817137042e-08,0,0,249.5,4663.606656085879,CDC20;CCNB1;UBE2C;CDK1
Reactome_2022,APC/C:Cdh1 Mediated Degradation Of Cdc20 And APC/C:Cdh1 Targets In Late Mitosis/Early G1 R-HSA-174178,5/73,8.371752707144411e-09,6.230289482422871e-08,0,0,97.6078431372549,1815.3499607424485,CDC20;UBE2C;PLK1;AURKB;AURKA
Reactome_2022,G2/M DNA Replication Checkpoint R-HSA-69478,3/5,8.538975432762311e-09,6.230289482422871e-08,0,0,1762.764705882353,32749.744097290062,CCNB2;CCNB1;CDK1
Reactome_2022,Cyclin A/B1/B2 Associated Events During G2/M Transition R-HSA-69273,4/25,9.071807458073338e-09,6.382664533001599e-08,0,0,237.6071428571429,4400.03148109524,CCNB2;CCNB1;PLK1;CDK1
Reactome_2022,Activation Of APC/C And APC/C:Cdc20 Mediated Degradation Of Mitotic Proteins R-HSA-176814,5/76,1.027786447720847e-08,6.981859662103687e-08,0,0,93.46948356807512,1719.2097596722094,CDC20;CCNB1;UBE2C;PLK1;CDK1
Reactome_2022,Regulation Of APC/C Activators Between G1/S And Early Anaphase R-HSA-176408,5/80,1.3340453797668105e-08,8.76023132713539e-08,0,0,88.46666666666667,1604.118717468447,CDC20;CCNB1;UBE2C;PLK1;CDK1
Reactome_2022,G2/M Transition R-HSA-69275,6/182,1.8227091786357136e-08,1.158302284487857e-07,0,0,48.22402597402598,859.3693487064277,CCNB2;CENPF;CCNB1;PLK1;CDK1;AURKA
Reactome_2022,Mitotic G2-G2/M Phases R-HSA-453274,6/184,1.945669907234428e-08,1.1978030366411948e-07,0,0,47.67736757624398,846.5152085538106,CCNB2;CENPF;CCNB1;PLK1;CDK1;AURKA
Reactome_2022,Regulation Of PLK1 Activity At G2/M Transition R-HSA-2565942,5/87,2.041488542511182e-08,1.2187067965900086e-07,0,0,80.88617886178862,1432.251692415055,CCNB2;CCNB1;PLK1;CDK1;AURKA
Reactome_2022,Condensation Of Prometaphase Chromosomes R-HSA-2514853,3/10,1.0214563877989312e-07,5.918438482246749e-07,0,0,503.52100840336135,8105.110306630441,CCNB2;CCNB1;CDK1
Reactome_2022,TP53 Regulates Transcription Of Cell Cycle Genes R-HSA-6791312,4/49,1.4963298860078912e-07,8.42219964410156e-07,0,0,110.75,1740.4451414173252,CCNB1;PCNA;CDK1;AURKA
Reactome_2022,Nuclear Envelope Breakdown R-HSA-2980766,4/53,2.062731248315895e-07,1.1287723775506423e-06,0,0,101.68877551020408,1565.403589225945,CCNB2;CCNB1;PLK1;CDK1
Reactome_2022,Mitotic G1 Phase And G1/S Transition R-HSA-453279,5/147,2.841626595310847e-07,1.5129741602060457e-06,0,0,46.568075117370896,701.9540795243223,TOP2A;CCNB1;PCNA;CDK1;TYMS
Reactome_2022,G2/M Checkpoints R-HSA-69481,5/148,2.939140525266155e-07,1.523712324940612e-06,0,0,46.24009324009324,695.45000588898,CCNB2;CCNB1;CHEK2;CHEK1;CDK1
Reactome_2022,Role Of GTSE1 In G2/M Progression After G2 Checkpoint R-HSA-8852276,4/59,3.193736139717019e-07,1.6132462039083404e-06,0,0,90.5681818181818,1354.6196204548355,CCNB2;CCNB1;PLK1;CDK1
Reactome_2022,Regulation Of TP53 Activity R-HSA-5633007,5/157,3.9416190263790797e-07,1.941247370491696e-06,0,0,43.48245614035088,641.2142173887786,CHEK2;CHEK1;CDK1;AURKB;AURKA
Reactome_2022,SUMO E3 Ligases SUMOylate Target Proteins R-HSA-3108232,5/168,5.515324858712181e-07,2.65004633455195e-06,0,0,40.52556237218814,583.9962545927623,TOP2A;PCNA;BIRC5;AURKB;AURKA
Reactome_2022,SUMOylation R-HSA-2990846,5/174,6.56210398914058e-07,3.077939252049272e-06,0,0,39.07495069033531,556.3016472221979,TOP2A;PCNA;BIRC5;AURKB;AURKA
Reactome_2022,Initiation Of Nuclear Envelope (NE) Reformation R-HSA-2995383,3/19,8.201294722166984e-07,3.695816162705697e-06,0,0,220.19117647058823,3085.7159050798964,CCNB2;CCNB1;CDK1
Reactome_2022,Generic Transcription Pathway R-HSA-212436,9/1190,8.378107518624456e-07,3.695816162705697e-06,0,0,13.023708721422524,182.23390039436367,CCNB1;PCNA;UBE2C;CHEK2;CHEK1;CDK1;BIRC5;AURKB;AURKA
Reactome_2022,APC/C:Cdc20 Mediated Degradation Of Mitotic Proteins R-HSA-176409,4/75,8.44221966100286e-07,3.695816162705697e-06,0,0,70.10211267605634,980.3675573711556,CDC20;CCNB1;UBE2C;CDK1
Reactome_2022,G2/M DNA Damage Checkpoint R-HSA-69473,4/77,9.387488997701564e-07,4.020294201189583e-06,0,0,68.17465753424658,946.1768334306304,CCNB1;CHEK2;CHEK1;CDK1
Reactome_2022,Regulation Of TP53 Activity Thru Phosphorylation R-HSA-6804756,4/90,1.7578047823507232e-06,7.36782004517218e-06,0,0,57.83139534883721,766.3495437604715,CHEK2;CHEK1;AURKB;AURKA
Reactome_2022,Signaling By Rho GTPases R-HSA-194315,7/644,1.8680505337207628e-06,7.62980647214027e-06,0,0,16.350803043110737,215.6771506001771,CDC20;CENPF;PLK1;BIRC5;KIF2C;CENPA;AURKB
Reactome_2022,RNA Polymerase II Transcription R-HSA-73857,9/1312,1.897769122512047e-06,7.62980647214027e-06,0,0,11.727691341659108,154.51035740052643,CCNB1;PCNA;UBE2C;CHEK2;CHEK1;CDK1;BIRC5;AURKB;AURKA
Reactome_2022,"Signaling By Rho GTPases, Miro GTPases And RHOBTB3 R-HSA-9716542",7/660,2.1993583626289567e-06,8.66547194875809e-06,0,0,15.936977264695487,207.6164993868904,CDC20;CENPF;PLK1;BIRC5;KIF2C;CENPA;AURKB
Reactome_2022,G0 And Early G1 R-HSA-1538133,3/27,2.463058753808292e-06,9.51416812745556e-06,0,0,146.73529411764707,1894.955227949035,TOP2A;PCNA;CDK1
Reactome_2022,G1/S-Specific Transcription R-HSA-69205,3/29,3.073014844063308e-06,1.1641998543855225e-05,0,0,135.4343891402715,1719.0485818135055,PCNA;CDK1;TYMS
Reactome_2022,Mitotic Prophase R-HSA-68875,4/112,4.212832938804047e-06,1.5659020546120703e-05,0,0,46.0,569.3592605565902,CCNB2;CCNB1;PLK1;CDK1
Reactome_2022,Gene Expression (Transcription) R-HSA-74160,9/1449,4.329233392181013e-06,1.5793684782586287e-05,0,0,10.534090909090908,130.0972876325723,CCNB1;PCNA;UBE2C;CHEK2;CHEK1;CDK1;BIRC5;AURKB;AURKA
Reactome_2022,Nuclear Pore Complex (NPC) Disassembly R-HSA-3301854,3/36,5.978041191692753e-06,2.1412256632063132e-05,0,0,106.66844919786097,1282.945983628804,CCNB2;CCNB1;CDK1
Reactome_2022,G1/S Transition R-HSA-69206,4/129,7.386779896982841e-06,2.598563642331464e-05,0,0,39.71,469.20615882407617,CCNB1;PCNA;CDK1;TYMS
Reactome_2022,Kinesins R-HSA-983189,3/42,9.575094300590784e-06,3.309286977572604e-05,0,0,90.23076923076924,1042.737914575217,KIF2C;KIF11;KIF20A
Reactome_2022,Condensation Of Prophase Chromosomes R-HSA-2299718,3/43,1.0286672165207128e-05,3.4939214078375936e-05,0,0,87.97058823529412,1010.312424773928,CCNB1;PLK1;CDK1
Reactome_2022,Post-translational Protein Modification R-HSA-597592,8/1383,3.041619351050087e-05,0.00010155915460285884,0,0,9.02060606060606,93.81913275398554,TOP2A;CDC20;PCNA;UBE2C;CDK1;BIRC5;AURKB;AURKA
Reactome_2022,E2F-enabled Inhibition Of Pre-Replication Complex Formation R-HSA-113507,2/9,3.405659800132413e-05,0.00011181916343768088,0,0,317.031746031746,3261.459893047559,CCNB1;CDK1
Reactome_2022,MASTL Facilitates Mitotic Progression R-HSA-2465910,2/10,4.254530034649759e-05,0.000137400396200984,0,0,277.3888888888889,2791.9028448786567,CCNB1;CDK1
Reactome_2022,AURKA Activation By TPX2 R-HSA-8854518,3/72,4.880197900504531e-05,0.0001526030137141893,0,0,50.923273657289,505.5530051618177,PLK1;CDK1;AURKA
Reactome_2022,Cdc20:Phospho-APC/C Mediated Degradation Of Cyclin A R-HSA-174184,3/72,4.880197900504531e-05,0.0001526030137141893,0,0,50.923273657289,505.5530051618177,CDC20;UBE2C;CDK1
Reactome_2022,APC:Cdc20 Mediated Degradation Of Cell Cycle Proteins Before Cycle Checkpoint Satisfied R-HSA-179419,3/73,5.0861068971299e-05,0.00015655672792727973,0,0,50.19327731092437,496.2314582905286,CDC20;UBE2C;CDK1
Reactome_2022,Nuclear Envelope (NE) Reassembly R-HSA-2995410,3/75,5.514854707901827e-05,0.0001671425196087169,0,0,48.794117647058826,478.44975239130736,CCNB2;CCNB1;CDK1
Reactome_2022,COPI-dependent Golgi-to-ER Retrograde Traffic R-HSA-6811434,3/78,6.201358205717819e-05,0.0001851011464433955,0,0,46.83529411764706,453.7476887104782,KIF2C;KIF11;KIF20A
Reactome_2022,Mitotic Telophase/Cytokinesis R-HSA-68884,2/13,7.361293042472065e-05,0.0002164439894577607,0,0,201.7070707070707,1919.5836350009777,PLK1;KIF20A
Reactome_2022,Depolymerisation Of Nuclear Lamina R-HSA-4419969,2/15,9.897575036981038e-05,0.0002867385709243036,0,0,170.65811965811966,1573.5763478145914,CCNB1;CDK1
Reactome_2022,MHC Class II Antigen Presentation R-HSA-2132295,3/104,0.00014600305870235113,0.0004168493125270025,0,0,34.733255678509025,306.76004989136413,KIF2C;KIF11;KIF20A
Reactome_2022,Transcription Of E2F Targets Under Negative Control By DREAM Complex R-HSA-1362277,2/19,0.0001608034054265043,0.000452546726700305,0,0,130.47712418300654,1139.760479290825,TOP2A;PCNA
Reactome_2022,Conversion From APC/C:Cdc20 To APC/C:Cdh1 In Late Anaphase R-HSA-176407,2/20,0.00017856345892201654,0.000495450724051229,0,0,123.22222222222224,1063.4775841223657,CDC20;UBE2C
Reactome_2022,Golgi-to-ER Retrograde Transport R-HSA-8856688,3/112,0.00018180694206618904,0.0004974439942644339,0,0,32.17107393416082,277.0754715471282,KIF2C;KIF11;KIF20A
Reactome_2022,Inactivation Of APC/C Via Direct Inhibition Of APC/C Complex R-HSA-141430,2/21,0.000197241423521882,0.0005322816497782295,0,0,116.7309941520468,995.841692324286,CDC20;UBE2C
Reactome_2022,E2F Mediated Regulation Of DNA Replication R-HSA-113510,2/22,0.00021683563043902655,0.0005772516107633546,0,0,110.88888888888889,935.4998014387868,CCNB1;CDK1
Reactome_2022,Metabolism Of Proteins R-HSA-392499,8/1890,0.00027891380054184055,0.0007326135827565677,0,0,6.410910379029401,52.47078698119007,TOP2A;CDC20;PCNA;UBE2C;CDK1;BIRC5;AURKB;AURKA
Reactome_2022,Signal Transduction R-HSA-162582,9/2465,0.00030251233513796947,0.0007786401492380862,0,0,5.837873852531833,47.30655986446205,CDC20;CENPF;PLK1;CHEK1;CDK1;BIRC5;KIF2C;CENPA;AURKB
Reactome_2022,APC-Cdc20 Mediated Degradation Of Nek2A R-HSA-179409,2/26,0.00030434158117427734,0.0007786401492380862,0,0,92.38888888888889,748.1060808668657,CDC20;UBE2C
Reactome_2022,Factors Involved In Megakaryocyte Development And Platelet Production R-HSA-983231,3/136,0.0003221149859892001,0.0008135468235881079,0,0,26.33392304290137,211.7405936761606,KIF2C;KIF11;KIF20A
Reactome_2022,DNA Double-Strand Break Repair R-HSA-5693532,3/149,0.00042092079830777386,0.0010496379400839,0,0,23.97340854149879,186.34688370986544,PCNA;CHEK2;CHEK1
Reactome_2022,Regulation Of TP53 Degradation R-HSA-6804757,2/36,0.000586430503116779,0.001444085113925,0,0,65.18300653594771,485.05650058138406,CHEK2;CDK1
Reactome_2022,Regulation Of TP53 Expression And Degradation R-HSA-6806003,2/37,0.0006195695304718364,0.0015068542901598,0,0,63.31746031746032,467.69351055771176,CHEK2;CDK1
Reactome_2022,Adaptive Immune System R-HSA-1280218,5/733,0.0006391726771509998,0.0015355733829115,0,0,8.815018315018316,64.83742075807922,CDC20;UBE2C;KIF2C;KIF11;KIF20A
Reactome_2022,Intra-Golgi And Retrograde Golgi-to-ER Traffic R-HSA-6811442,3/181,0.0007419626894368861,0.0017610439737236,0,0,19.63185723727693,141.47131734964722,KIF2C;KIF11;KIF20A
Reactome_2022,Ubiquitin Mediated Degradation Of Phosphorylated Cdc25A R-HSA-69601,2/51,0.0011762077962531,0.0027584873316889,0,0,45.19501133786848,304.8611297728522,CHEK2;CHEK1
Reactome_2022,APC/C:Cdc20 Mediated Degradation Of Securin R-HSA-174154,2/67,0.0020202359976765,0.0045745573740491,0,0,34.042735042735046,211.21954341363585,CDC20;UBE2C
Reactome_2022,G1/S DNA Damage Checkpoints R-HSA-69615,2/67,0.0020202359976765,0.0045745573740491,0,0,34.042735042735046,211.21954341363585,CHEK2;CHEK1
Reactome_2022,HDR Thru Homologous Recombination (HRR) R-HSA-5685942,2/67,0.0020202359976765,0.0045745573740491,0,0,34.042735042735046,211.21954341363585,PCNA;CHEK1
Reactome_2022,Loss Of Nlp From Mitotic Centrosomes R-HSA-380259,2/69,0.0021410236112441,0.0047929733115352,0,0,33.02321724709785,202.976255104392,PLK1;CDK1
Reactome_2022,Protein Ubiquitination R-HSA-8852135,2/76,0.0025901140533562,0.0057331738034964,0,0,29.88888888888889,178.0198173382836,PCNA;UBE2C
Reactome_2022,Recruitment Of NuMA To Mitotic Centrosomes R-HSA-380320,2/80,0.0028649802996968,0.006271123544892,0,0,28.35042735042735,165.9972465923349,PLK1;CDK1
Reactome_2022,Centrosome Maturation R-HSA-380287,2/81,0.0029357544153754,0.0063554243937248,0,0,27.9901547116737,163.2047370793244,PLK1;CDK1
Reactome_2022,DNA Repair R-HSA-73894,3/310,0.003457442375649,0.0074034363913353,0,0,11.30848821613336,64.08776026031975,PCNA;CHEK2;CHEK1
Reactome_2022,Anchoring Of Basal Body To Plasma Membrane R-HSA-5620912,2/97,0.0041786061661169,0.0088514560723122,0,0,23.257309941520468,127.39837006488538,PLK1;CDK1
Reactome_2022,Synthesis Of PI R-HSA-1483226,1/5,0.0049904406959516,0.0104586895436433,0,0,262.8421052631579,1393.123889480945,CHEK2
Reactome_2022,HDR Thru Homologous Recombination (HRR) Or Single Strand Annealing (SSA) R-HSA-5693567,2/114,0.0057221397634708,0.0118659108779342,0,0,19.71031746031746,101.77249874583728,PCNA;CHEK1
Reactome_2022,Chromosome Maintenance R-HSA-73886,2/118,0.0061179373336044,0.0123747854356488,0,0,19.026819923371647,96.97076380041771,PCNA;CENPA
Reactome_2022,Synthesis Of DNA R-HSA-69239,2/119,0.0062188008026864,0.0123747854356488,0,0,18.863247863247864,95.82866034621068,PCNA;UBE2C
Reactome_2022,Transcriptional Regulation By RUNX2 R-HSA-8878166,2/119,0.0062188008026864,0.0123747854356488,0,0,18.863247863247864,95.82866034621068,CCNB1;CDK1
Reactome_2022,Homology Directed Repair R-HSA-5693538,2/119,0.0062188008026864,0.0123747854356488,0,0,18.863247863247864,95.82866034621068,PCNA;CHEK1
Reactome_2022,Immune System R-HSA-168256,6/1943,0.0097718535969413,0.0192505515859745,0,0,3.992108562578361,18.47647289216326,CDC20;UBE2C;BIRC5;KIF2C;KIF11;KIF20A
Reactome_2022,MAPK3 (ERK1) Activation R-HSA-110056,1/10,0.0099572476243861,0.0194215621980602,0,0,116.78947368421052,538.3357753631753,CDK1
Reactome_2022,DNA Replication R-HSA-69306,2/155,0.0103465517369631,0.0199830460017816,0,0,14.398692810457517,65.81789321952054,PCNA;UBE2C
Reactome_2022,S Phase R-HSA-69242,2/161,0.0111258864531351,0.0212796080705593,0,0,13.851153039832283,62.309145632506784,PCNA;UBE2C
Reactome_2022,TP53 Regulates Transcription Of Additional Cell Death Genes With Uncertain Roles In P53-Dependent Apoptosis R-HSA-6803205,1/14,0.01391373176082,0.0253796773785328,0,0,80.83805668016194,345.57291333057793,BIRC5
Reactome_2022,Leading Strand Synthesis R-HSA-69109,1/14,0.01391373176082,0.0253796773785328,0,0,80.83805668016194,345.57291333057793,PCNA
Reactome_2022,Removal Of Flap Intermediate R-HSA-69166,1/14,0.01391373176082,0.0253796773785328,0,0,80.83805668016194,345.57291333057793,PCNA
Reactome_2022,Mismatch Repair (MMR) Directed By MSH2:MSH3 (MutSbeta) R-HSA-5358606,1/14,0.01391373176082,0.0253796773785328,0,0,80.83805668016194,345.57291333057793,PCNA
Reactome_2022,Mismatch Repair (MMR) Directed By MSH2:MSH6 (MutSalpha) R-HSA-5358565,1/14,0.01391373176082,0.0253796773785328,0,0,80.83805668016194,345.57291333057793,PCNA
Reactome_2022,Cilium Assembly R-HSA-5617833,2/186,0.014642007150812,0.0264450382559731,0,0,11.954106280193235,50.49247947405065,PLK1;CDK1
Reactome_2022,Processive Synthesis On Lagging Strand R-HSA-69183,1/15,0.0149005037888985,0.0264450382559731,0,0,75.06015037593986,315.7300332957057,PCNA
Reactome_2022,Mismatch Repair R-HSA-5358508,1/15,0.0149005037888985,0.0264450382559731,0,0,75.06015037593986,315.7300332957057,PCNA
Reactome_2022,Transcription Of E2F Targets Under Negative Control By P107 (RBL1) And P130 (RBL2) In Complex With HDAC1 R-HSA-1362300,1/16,0.0158863378646896,0.0276956509676447,0,0,70.05263157894737,290.1787210723924,CDK1
Reactome_2022,Translesion Synthesis By REV1 R-HSA-110312,1/16,0.0158863378646896,0.0276956509676447,0,0,70.05263157894737,290.1787210723924,PCNA
Reactome_2022,Translesion Synthesis By POLI R-HSA-5656121,1/17,0.0168712348172723,0.0286520108534711,0,0,65.67105263157895,268.0787715603985,PCNA
Reactome_2022,Translesion Synthesis By POLK R-HSA-5655862,1/17,0.0168712348172723,0.0286520108534711,0,0,65.67105263157895,268.0787715603985,PCNA
Reactome_2022,Removal Of Flap Intermediate From C-strand R-HSA-174437,1/17,0.0168712348172723,0.0286520108534711,0,0,65.67105263157895,268.0787715603985,PCNA
Reactome_2022,Hemostasis R-HSA-109582,3/576,0.018809506934914,0.0309260789365567,0,0,5.976901755466584,23.7485786939639,KIF2C;KIF11;KIF20A
Reactome_2022,Processive Synthesis On C-strand Of Telomere R-HSA-174414,1/19,0.0188382206720142,0.0309260789365567,0,0,58.36842105263158,231.8316321803268,PCNA
Reactome_2022,Translesion Synthesis By POLH R-HSA-110320,1/19,0.0188382206720142,0.0309260789365567,0,0,58.36842105263158,231.8316321803268,PCNA
Reactome_2022,Regulation Of TP53 Activity Thru Methylation R-HSA-6804760,1/19,0.0188382206720142,0.0309260789365567,0,0,58.36842105263158,231.8316321803268,CHEK2
Reactome_2022,Aberrant Regulation Of Mitotic Exit In Cancer Due To RB1 Defects R-HSA-9687136,1/20,0.019820311238232,0.032004928802719,0,0,55.29362880886426,216.80897525048425,UBE2C
Reactome_2022,Lagging Strand Synthesis R-HSA-69186,1/20,0.019820311238232,0.032004928802719,0,0,55.29362880886426,216.80897525048425,PCNA
Reactome_2022,PCNA-Dependent Long Patch Base Excision Repair R-HSA-5651801,1/21,0.0208014680109953,0.0331263584964794,0,0,52.526315789473685,203.4203291515269,PCNA
Reactome_2022,Membrane Trafficking R-HSA-199991,3/599,0.0208511089013373,0.0331263584964794,0,0,5.739439399921042,22.213628648800803,KIF2C;KIF11;KIF20A
Reactome_2022,RAF-independent MAPK1/3 Activation R-HSA-112409,1/23,0.0227609834903901,0.0358713099808548,0,0,47.74641148325359,180.6107068727385,CDK1
Reactome_2022,Vesicle-mediated Transport R-HSA-5653656,3/637,0.0244856490969697,0.037745770809016,0,0,5.384858044164038,19.97603602435481,KIF2C;KIF11;KIF20A
Reactome_2022,Gap-filling DNA Repair Synthesis And Ligation In GG-NER R-HSA-5696397,1/25,0.0247167737784927,0.037745770809016,0,0,43.76315789473684,161.93563879493826,PCNA
Reactome_2022,Polymerase Switching On C-strand Of Telomere R-HSA-174411,1/25,0.0247167737784927,0.037745770809016,0,0,43.76315789473684,161.93563879493826,PCNA
Reactome_2022,Resolution Of AP Sites Via Multiple-Nucleotide Patch Replacement Pathway R-HSA-110373,1/25,0.0247167737784927,0.037745770809016,0,0,43.76315789473684,161.93563879493826,PCNA
Reactome_2022,Interconversion Of Nucleotide Di- And Triphosphates R-HSA-499943,1/28,0.0276434890482457,0.0418905180192646,0,0,38.89473684210526,139.56851455439977,TYMS
Reactome_2022,Synthesis Of Active Ubiquitin: Roles Of E1 And E2 Enzymes R-HSA-8866652,1/30,0.0295899955032417,0.0441608266222622,0,0,36.2087114337568,127.46621354176987,UBE2C
Reactome_2022,Recognition Of DNA Damage By PCNA-containing Replication Complex R-HSA-110314,1/30,0.0295899955032417,0.0441608266222622,0,0,36.2087114337568,127.46621354176987,PCNA
Reactome_2022,Organelle Biogenesis And Maintenance R-HSA-1852241,2/275,0.0304095781275812,0.0445976773419365,0,0,8.02075702075702,28.016485426392485,PLK1;CDK1
Reactome_2022,Regulation Of MECP2 Expression And Activity R-HSA-9022692,1/31,0.0305618601074184,0.0445976773419365,0,0,35.0,122.08008572013848,AURKB
Reactome_2022,DNA Strand Elongation R-HSA-69190,1/31,0.0305618601074184,0.0445976773419365,0,0,35.0,122.08008572013848,PCNA
Reactome_2022,Deubiquitination R-HSA-5688426,2/279,0.0312280578200399,0.0452347602246166,0,0,7.903329322101885,27.396403453174507,CDC20;CDK1
Reactome_2022,Termination Of Translesion DNA Synthesis R-HSA-5656169,1/32,0.0315328000758389,0.0453427855105128,0,0,33.869269949066215,117.07681999296598,PCNA
Reactome_2022,Telomere C-strand (Lagging Strand) Synthesis R-HSA-174417,1/33,0.0325028162269628,0.0463989478022585,0,0,32.80921052631579,112.41841533087528,PCNA
Reactome_2022,Transcriptional Regulation By E2F6 R-HSA-8953750,1/34,0.0334719094011011,0.0474386054101937,0,0,31.8133971291866,108.07165990908112,CHEK1
Reactome_2022,Aberrant Regulation Of Mitotic Cell Cycle Due To RB1 Defects R-HSA-9687139,1/36,0.0354073301248565,0.0494698158482037,0,0,29.99248120300752,100.19997336732251,UBE2C
Reactome_2022,Activation Of ATR In Response To Replication Stress R-HSA-176187,1/36,0.0354073301248565,0.0494698158482037,0,0,29.99248120300752,100.19997336732251,CHEK1
Reactome_2022,Antigen Processing: Ubiquitination And Proteasome Degradation R-HSA-983168,2/307,0.037199976037831,0.0510819206121095,0,0,7.167577413479052,23.591702334918374,CDC20;UBE2C
Reactome_2022,Resolution Of Abasic Sites (AP Sites) R-HSA-73933,1/38,0.0373390688738262,0.0510819206121095,0,0,28.36842105263158,93.26728562261796,PCNA
Reactome_2022,Diseases Of Mitotic Cell Cycle R-HSA-9675126,1/38,0.0373390688738262,0.0510819206121095,0,0,28.36842105263158,93.26728562261796,UBE2C
Reactome_2022,Ovarian Tumor Domain Proteases R-HSA-5689896,1/39,0.0383035595748703,0.0513319811989759,0,0,27.62049861495845,90.10393439678076,CDK1
Reactome_2022,Transcriptional Regulation By VENTX R-HSA-8853884,1/39,0.0383035595748703,0.0513319811989759,0,0,27.62049861495845,90.10393439678076,UBE2C
Reactome_2022,Translesion Synthesis By Y Family DNA Polymerases Bypasses Lesions On DNA Template R-HSA-110313,1/39,0.0383035595748703,0.0513319811989759,0,0,27.62049861495845,90.10393439678076,PCNA
Reactome_2022,Presynaptic Phase Of Homologous DNA Pairing And Strand Exchange R-HSA-5693616,1/40,0.039267132268101,0.0522677368703776,0,0,26.910931174089068,87.12057233834933,CHEK1
Reactome_2022,Dual Incision In GG-NER R-HSA-5696400,1/41,0.0402297877766736,0.0531897194094275,0,0,26.23684210526316,84.30284540999916,PCNA
Reactome_2022,Signaling By SCF-KIT R-HSA-1433557,1/42,0.0411915269172122,0.0540982053512721,0,0,25.59563543003851,81.63786025385905,CHEK1
Reactome_2022,Homologous DNA Pairing And Strand Exchange R-HSA-5693579,1/43,0.0421523505298068,0.054993463936238,0,0,24.98496240601504,79.11400474395023,CHEK1
Reactome_2022,TP53 Regulates Transcription Of Cell Death Genes R-HSA-5633008,1/44,0.0431122594296053,0.0558757572870543,0,0,24.402692778457773,76.72079424655034,BIRC5
Reactome_2022,DNA Damage Bypass R-HSA-73893,1/48,0.0469427643840033,0.0604426443375728,0,0,22.32138857782755,68.27724816722397,PCNA
Reactome_2022,Extension Of Telomeres R-HSA-180786,1/50,0.0488525499820277,0.0624931970549316,0,0,21.40816326530612,64.63014669364038,PCNA
Reactome_2022,Deposition Of New CENPA-containing Nucleosomes At Centromere R-HSA-606279,1/53,0.051710413228189,0.0657222671351822,0,0,20.17004048582996,59.74559828701417,CENPA
Reactome_2022,SCF-beta-TrCP Mediated Degradation Of Emi1 R-HSA-174113,1/54,0.0526612202157059,0.0660780916082424,0,0,19.788480635551142,58.25483230121243,CDC20
Reactome_2022,FBXL7 Down-Regulates AURKA During Mitotic Entry And In Early Mitosis R-HSA-8854050,1/54,0.0526612202157059,0.0660780916082424,0,0,19.788480635551142,58.25483230121243,AURKA
Reactome_2022,Class I MHC Mediated Antigen Processing And Presentation R-HSA-983169,2/378,0.0541085229143058,0.067177145225838,0,0,5.793144208037825,16.897231955878457,CDC20;UBE2C
Reactome_2022,Stabilization Of P53 R-HSA-69541,1/56,0.0545601179499192,0.067177145225838,0,0,19.066985645933013,55.45541451142644,CHEK2
Reactome_2022,E3 Ubiquitin Ligases Ubiquitinate Target Proteins R-HSA-8866654,1/56,0.0545601179499192,0.067177145225838,0,0,19.066985645933013,55.45541451142644,PCNA
Reactome_2022,Transcriptional Regulation By MECP2 R-HSA-8986944,1/60,0.058347071283324,0.0709529200173755,0,0,17.770740410347905,50.492824203227855,AURKB
Reactome_2022,Recruitment And ATM-mediated Phosphorylation Of Repair And Signal Proteins At DNA Double Strand Breaks R-HSA-5693565,1/60,0.058347071283324,0.0709529200173755,0,0,17.770740410347905,50.492824203227855,CHEK2
Reactome_2022,DNA Double Strand Break Response R-HSA-5693606,1/61,0.0592915555925576,0.0716591193357905,0,0,17.473684210526315,49.3681970360476,CHEK2
Reactome_2022,TP53 Regulates Transcription Of DNA Repair Genes R-HSA-6796648,1/62,0.0602351399190365,0.07235562539055,0,0,17.186367558239862,48.28508895429952,CHEK1
Reactome_2022,Autodegradation Of Cdh1 By Cdh1:APC/C R-HSA-174084,1/63,0.0611778250716139,0.0730426153885329,0,0,16.908319185059423,47.24134484792992,UBE2C
Reactome_2022,Gap-filling DNA Repair Synthesis And Ligation In TC-NER R-HSA-6782210,1/64,0.0621196118687717,0.0737202622780001,0,0,16.639097744360903,46.23495322747936,PCNA
Reactome_2022,p53-Dependent G1 DNA Damage Response R-HSA-69563,1/65,0.0630605011079274,0.0739459447515577,0,0,16.37828947368421,45.26403459739593,CHEK2
Reactome_2022,Dual Incision In TC-NER R-HSA-6782135,1/65,0.0630605011079274,0.0739459447515577,0,0,16.37828947368421,45.26403459739593,PCNA
Reactome_2022,Base Excision Repair R-HSA-73884,1/72,0.0696216623496152,0.0806792204874952,0,0,14.758339510748703,39.32624503481652,PCNA
Reactome_2022,CDK-mediated Phosphorylation And Removal Of Cdc6 R-HSA-69017,1/72,0.0696216623496152,0.0806792204874952,0,0,14.758339510748703,39.32624503481652,UBE2C
Reactome_2022,Transcription-Coupled Nucleotide Excision Repair (TC-NER) R-HSA-6781827,1/77,0.0742814572247087,0.085575713878758,0,0,13.78393351800554,35.8367650118558,PCNA
Reactome_2022,Processing Of DNA Double-Strand Break Ends R-HSA-5693607,1/80,0.077066682850071,0.088268235589907,0,0,13.258494337108594,33.982637627801715,CHEK1
Reactome_2022,Senescence-Associated Secretory Phenotype (SASP) R-HSA-2559582,1/81,0.0779933209779836,0.0888132036570103,0,0,13.092105263157896,33.39968978978988,UBE2C
Reactome_2022,Global Genome Nucleotide Excision Repair (GG-NER) R-HSA-5696399,1/82,0.0789190752282122,0.0893509070112517,0,0,12.929824561403509,32.8331213455501,PCNA
Reactome_2022,Switching Of Origins To A Post-Replicative State R-HSA-69052,1/90,0.0862933855050247,0.0965897553664197,0,0,11.762862211709049,28.81903981668561,UBE2C
Reactome_2022,MAPK6/MAPK4 Signaling R-HSA-5687128,1/90,0.0862933855050247,0.0965897553664197,0,0,11.762862211709049,28.81903981668561,CDK1
Reactome_2022,Telomere Maintenance R-HSA-157579,1/92,0.0881281800641533,0.0980861665120803,0,0,11.50318102949682,27.94080032839929,PCNA
Reactome_2022,Metabolism Of Nucleotides R-HSA-15869,1/95,0.0908738104379916,0.1005738239117098,0,0,11.13437849944009,26.70339549535462,TYMS
Reactome_2022,Interleukin-4 And Interleukin-13 Signaling R-HSA-6785807,1/107,0.1017779964901721,0.1120126553551056,0,0,9.867924528301886,22.547826080103853,BIRC5
Reactome_2022,Nucleotide Excision Repair R-HSA-5696398,1/108,0.1026810483364275,0.1123787029015345,0,0,9.775209050664044,22.249624223401657,PCNA
Reactome_2022,Assembly Of Pre-Replicative Complex R-HSA-68867,1/110,0.1044845651566293,0.113720769811359,0,0,9.594881699662,21.67211204877382,UBE2C
Reactome_2022,Glycerophospholipid Biosynthesis R-HSA-1483206,1/127,0.1196760354120022,0.1288315791047238,0,0,8.293233082706767,17.606259261193085,CHEK2
Reactome_2022,DNA Replication Pre-Initiation R-HSA-69002,1/127,0.1196760354120022,0.1288315791047238,0,0,8.293233082706767,17.606259261193085,UBE2C
Reactome_2022,Cellular Senescence R-HSA-2559583,1/165,0.1527530095103514,0.1635453417040175,0,0,6.359435173299102,11.948952474473325,UBE2C
Reactome_2022,Ub-specific Processing Proteases R-HSA-5689880,1/201,0.1829972755200808,0.1948673690673293,0,0,5.205263157894737,8.840015210340173,CDC20
Reactome_2022,Phospholipid Metabolism R-HSA-1483257,1/208,0.1887577386701542,0.199920830742045,0,0,5.02745995423341,8.382238192173734,CHEK2
Reactome_2022,Neddylation R-HSA-8951664,1/237,0.2122140513138953,0.2235623963039432,0,0,4.40321141837645,6.8256814975862765,BIRC5
Reactome_2022,MAPK1/MAPK3 Signaling R-HSA-5684996,1/277,0.243512313572093,0.2551698179452252,0,0,3.757437070938215,5.307709647892535,CDK1
Reactome_2022,MAPK Family Signaling Cascades R-HSA-5683057,1/318,0.2743649978381094,0.2859783310799341,0,0,3.264652166694338,4.22216142588564,CDK1
Reactome_2022,Signaling By Interleukins R-HSA-449147,1/453,0.3677234821374011,0.3812711893740421,0,0,2.2738705170004656,2.2748347074446382,BIRC5
Reactome_2022,Signaling By Receptor Tyrosine Kinases R-HSA-9006934,1/496,0.3949806299732015,0.407388398454035,0,0,2.071770334928229,1.924505902345144,CHEK1
Reactome_2022,Cytokine Signaling In Immune System R-HSA-1280215,1/702,0.5107886214330374,0.5240904084495228,0,0,1.4474810421202793,0.9724169405445036,BIRC5
Reactome_2022,Cellular Responses To Stress R-HSA-2262752,1/722,0.520834425034859,0.5316289208905037,0,0,1.4058690415358783,0.9170808372748164,UBE2C
Reactome_2022,Metabolism Of Lipids R-HSA-556833,1/732,0.5257835324235403,0.5331623615833038,0,0,1.3859169126646986,0.8909584271661688,CHEK2
Reactome_2022,Cellular Responses To Stimuli R-HSA-8953897,1/736,0.5277495457296661,0.5331623615833038,0,0,1.3780880773361976,0.8807821914364968,UBE2C
Reactome_2022,Metabolism R-HSA-1430728,2/2049,0.622186027069435,0.6253604455748913,0,0,0.9734028117027628,0.4618953566217237,CHEK2;TYMS
Reactome_2022,Disease R-HSA-1643685,1/1736,0.8374718162949949,0.8374718162949949,0,0,0.5534657970574852,0.0981669377608001,UBE2C
GO_Biological_Process_2021,mitotic spindle organization (GO:0007052),11/157,7.721419913929866e-19,2.625282770736154e-16,0,0,166.0380517503805,6924.636622611058,CDC20;CENPF;CCNB1;CHEK2;PLK1;BIRC5;KIF2C;KIF11;CENPA;AURKB;AURKA
GO_Biological_Process_2021,microtubule cytoskeleton organization involved in mitosis (GO:1902850),10/128,1.409579453201773e-17,2.3962850704430147e-15,0,0,168.32203389830508,6531.005196675904,CDC20;CENPF;CCNB1;PLK1;BIRC5;KIF2C;KIF11;CENPA;AURKB;AURKA
GO_Biological_Process_2021,anaphase-promoting complex-dependent catabolic process (GO:0031145),7/84,1.324083300364718e-12,1.5006277404133471e-10,0,0,139.1818181818182,3806.6645854682074,CDC20;CCNB1;UBE2C;PLK1;CDK1;AURKB;AURKA
GO_Biological_Process_2021,regulation of cell cycle process (GO:0010564),7/106,7.0355569325208495e-12,5.980223392642722e-10,0,0,108.13286713286712,2776.856814207034,PLK1;CHEK1;KIF11;KIF20A;MKI67;AURKB;AURKA
GO_Biological_Process_2021,mitotic nuclear membrane disassembly (GO:0007077),4/12,3.5792958986919277e-10,2.2963345943945712e-08,0,0,624.125,13575.14616653682,CCNB2;CCNB1;PLK1;CDK1
GO_Biological_Process_2021,regulation of mitotic cell cycle phase transition (GO:1901990),7/188,4.052355166578655e-10,2.2963345943945712e-08,0,0,58.90055248618785,1273.815902120628,CDC20;CENPF;CCNB1;UBE2C;PLK1;CDK1;AURKA
GO_Biological_Process_2021,nuclear membrane disassembly (GO:0051081),4/14,7.228970242872608e-10,3.511214117966696e-08,0,0,499.25,10508.09135039347,CCNB2;CCNB1;PLK1;CDK1
GO_Biological_Process_2021,mitotic cell cycle phase transition (GO:0044772),7/209,8.499457219761696e-10,3.612269318398721e-08,0,0,52.72124904798172,1101.128026936108,CCNB2;CCNB1;UBE2C;CHEK2;PLK1;CDK1;AURKA
GO_Biological_Process_2021,"DNA damage response, signal transduction by p53 class mediator resulting in cell cycle arrest (GO:0006977)",5/56,2.1517520712358435e-09,7.817499149140879e-08,0,0,130.2549019607843,2599.494917478766,CCNB1;PCNA;CHEK2;CDK1;AURKA
GO_Biological_Process_2021,G2/M transition of mitotic cell cycle (GO:0000086),6/130,2.4148029277610293e-09,7.817499149140879e-08,0,0,68.62672811059907,1361.6673933080044,CCNB2;CCNB1;CHEK2;PLK1;CDK1;AURKA
GO_Biological_Process_2021,cell cycle G2/M phase transition (GO:0044839),6/131,2.5291909011926368e-09,7.817499149140879e-08,0,0,68.07428571428571,1347.5554272649413,CCNB2;CCNB1;CHEK2;PLK1;CDK1;AURKA
GO_Biological_Process_2021,mitotic G1 DNA damage checkpoint signaling (GO:0031571),5/65,4.626818697131681e-09,1.3109319641873094e-07,0,0,110.66666666666669,2123.847858468808,CCNB1;PCNA;CHEK2;CDK1;AURKA
GO_Biological_Process_2021,"DNA damage response, signal transduction by p53 class mediator (GO:0030330)",5/74,8.972789983926064e-09,2.34672968810374e-07,0,0,96.18840579710144,1782.2816247743351,CCNB1;PCNA;CHEK2;CDK1;AURKA
GO_Biological_Process_2021,regulation of mitotic cell cycle (GO:0007346),6/178,1.596009806082513e-08,3.774587448000079e-07,0,0,49.35548172757475,886.0875562830969,CDC20;CCNB1;UBE2C;PLK1;CDK1;MKI67
GO_Biological_Process_2021,proteasome-mediated ubiquitin-dependent protein catabolic process (GO:0043161),7/321,1.6652591682353287e-08,3.774587448000079e-07,0,0,33.72415482606566,604.0232190350281,CDC20;CCNB1;UBE2C;PLK1;CDK1;AURKB;AURKA
GO_Biological_Process_2021,regulation of cell cycle phase transition (GO:1901987),5/95,3.18524207287389e-08,6.768639404857017e-07,0,0,73.66666666666667,1271.645230761378,CDC20;CCNB1;UBE2C;PLK1;CDK1
GO_Biological_Process_2021,phosphorylation (GO:0016310),7/400,7.521190866392804e-08,1.504238173278561e-06,0,0,26.836758661186146,440.2021784429954,CHEK2;PLK1;CHEK1;CDK1;BIRC5;AURKB;AURKA
GO_Biological_Process_2021,chromosome condensation (GO:0030261),4/45,1.0549407573523057e-07,1.9926658749987997e-06,0,0,121.57926829268293,1953.1236556224524,TOP2A;CCNB1;PLK1;CDK1
GO_Biological_Process_2021,positive regulation of ubiquitin protein ligase activity (GO:1904668),3/12,1.870299805365066e-07,3.346852283284855e-06,0,0,391.5882352941176,6066.48373086247,CDC20;UBE2C;PLK1
GO_Biological_Process_2021,regulation of mitotic nuclear division (GO:0007088),4/57,2.775436134392947e-07,4.60681705035762e-06,0,0,93.99528301886792,1419.073834931375,CCNB1;CHEK1;MKI67;AURKA
GO_Biological_Process_2021,regulation of G2/M transition of mitotic cell cycle (GO:0010389),5/149,3.03928749267232e-07,4.60681705035762e-06,0,0,45.91666666666666,689.0471974810108,CENPF;CCNB1;PLK1;CDK1;AURKA
GO_Biological_Process_2021,mitotic DNA damage checkpoint signaling (GO:0044773),4/59,3.193736139717019e-07,4.60681705035762e-06,0,0,90.5681818181818,1354.6196204548355,CHEK2;PLK1;CHEK1;CDK1
GO_Biological_Process_2021,protein phosphorylation (GO:0006468),7/496,3.240444148782587e-07,4.60681705035762e-06,0,0,21.4624823029731,320.70067894063897,CHEK2;PLK1;CHEK1;CDK1;BIRC5;AURKB;AURKA
GO_Biological_Process_2021,regulation of cell cycle (GO:0051726),6/296,3.251870859075968e-07,4.60681705035762e-06,0,0,29.098522167487683,434.6988993439651,CCNB2;CENPF;CCNB1;PLK1;CHEK1;BIRC5
GO_Biological_Process_2021,regulation of signal transduction by p53 class mediator (GO:1901796),5/156,3.818484159979048e-07,5.193138457571504e-06,0,0,43.77262693156733,646.8824791917403,CHEK2;CHEK1;CDK1;AURKB;AURKA
GO_Biological_Process_2021,"protein localization to chromosome, centromeric region (GO:0071459)",3/17,5.762613044844332e-07,7.53572475095028e-06,0,0,251.67226890756305,3615.7011498247193,CDK1;CENPA;AURKB
GO_Biological_Process_2021,regulation of chromosome segregation (GO:0051983),3/18,6.910743741904565e-07,8.69363394978518e-06,0,0,234.8823529411765,3331.8104950829,KIF2C;MKI67;AURKB
GO_Biological_Process_2021,cytoskeleton-dependent cytokinesis (GO:0061640),4/72,7.159463252764267e-07,8.69363394978518e-06,0,0,73.20588235294117,1035.8383919623907,PLK1;KIF20A;CENPA;AURKB
GO_Biological_Process_2021,mitotic nuclear division (GO:0140014),4/74,7.997086676530414e-07,9.37589472420807e-06,0,0,71.10714285714286,998.2744827501324,UBE2C;CHEK2;PLK1;KIF11
GO_Biological_Process_2021,regulation of cell division (GO:0051302),4/76,8.905527818155236e-07,1.00929315272426e-05,0,0,69.125,963.0096469394232,PLK1;KIF20A;AURKB;AURKA
GO_Biological_Process_2021,spindle assembly checkpoint signaling (GO:0071173),3/21,1.1242376339211231e-06,1.1242376339211234e-05,0,0,195.7058823529412,2680.8585177409204,CDC20;CENPF;PLK1
GO_Biological_Process_2021,regulation of ubiquitin protein ligase activity (GO:1904666),3/21,1.1242376339211231e-06,1.1242376339211234e-05,0,0,195.7058823529412,2680.8585177409204,CDC20;UBE2C;PLK1
GO_Biological_Process_2021,mitotic spindle assembly checkpoint signaling (GO:0007094),3/21,1.1242376339211231e-06,1.1242376339211234e-05,0,0,195.7058823529412,2680.8585177409204,CDC20;CENPF;PLK1
GO_Biological_Process_2021,mitotic spindle checkpoint signaling (GO:0071174),3/21,1.1242376339211231e-06,1.1242376339211234e-05,0,0,195.7058823529412,2680.8585177409204,CDC20;CENPF;PLK1
GO_Biological_Process_2021,negative regulation of mitotic metaphase/anaphase transition (GO:0045841),3/22,1.3009213387008683e-06,1.2291366486788213e-05,0,0,185.39628482972137,2512.5716226669324,CDC20;CENPF;PLK1
GO_Biological_Process_2021,regulation of cytokinesis (GO:0032465),4/84,1.33248251925745e-06,1.2291366486788213e-05,0,0,62.1875,841.3015291093659,PLK1;KIF20A;AURKB;AURKA
GO_Biological_Process_2021,modification-dependent protein catabolic process (GO:0019941),5/201,1.337589882385776e-06,1.2291366486788213e-05,0,0,33.64625850340136,455.0535725896941,CDC20;UBE2C;PLK1;AURKB;AURKA
GO_Biological_Process_2021,regulation of cell cycle G2/M phase transition (GO:1902749),4/85,1.397388834557374e-06,1.250295273025019e-05,0,0,61.41666666666666,827.9522598673382,CENPF;PLK1;CDK1;AURKA
GO_Biological_Process_2021,regulation of mitotic metaphase/anaphase transition (GO:0030071),3/26,2.1907791586236774e-06,1.9099100357232058e-05,0,0,153.1227621483376,1995.3814991245245,CCNB1;UBE2C;PLK1
GO_Biological_Process_2021,mitotic chromosome condensation (GO:0007076),3/27,2.463058753808292e-06,2.093599940737048e-05,0,0,146.73529411764707,1894.955227949035,CCNB1;PLK1;CDK1
GO_Biological_Process_2021,mitotic sister chromatid segregation (GO:0000070),4/102,2.901041852278447e-06,2.4057420238406634e-05,0,0,50.71938775510204,646.6945421627448,CCNB1;PLK1;CDK1;KIF2C
GO_Biological_Process_2021,positive regulation of ubiquitin-protein transferase activity (GO:0051443),3/31,3.775486561735298e-06,3.056346264261908e-05,0,0,125.74789915966386,1570.2116644461864,CDC20;UBE2C;PLK1
GO_Biological_Process_2021,mitotic G2 DNA damage checkpoint signaling (GO:0007095),3/33,4.576828401537777e-06,3.61888757330894e-05,0,0,117.3529411764706,1442.7962385582716,PLK1;CHEK1;CDK1
GO_Biological_Process_2021,DNA metabolic process (GO:0006259),5/277,6.426814322620965e-06,4.966174703843473e-05,0,0,24.15196078431373,288.7374539485834,TOP2A;PCNA;CHEK1;CDK1;TYMS
GO_Biological_Process_2021,mitotic spindle assembly (GO:0090307),3/44,1.1032325952813076e-05,8.335535164347658e-05,0,0,85.8206599713056,979.6154457787004,CHEK2;KIF11;AURKB
GO_Biological_Process_2021,mitotic G2/M transition checkpoint (GO:0044818),3/45,1.1812822139821016e-05,8.731216364215533e-05,0,0,83.77310924369748,950.5169232720672,PLK1;CHEK1;CDK1
GO_Biological_Process_2021,mitotic cytokinesis (GO:0000281),3/49,1.5298489183805048e-05,0.00011066992175518544,0,0,76.47314578005115,847.9156177144885,PLK1;KIF20A;CENPA
GO_Biological_Process_2021,mitotic nuclear membrane organization (GO:0101024),3/51,1.727015605473611e-05,0.00011983373589000565,0,0,73.27941176470588,803.6209136419842,CCNB2;CCNB1;CDK1
GO_Biological_Process_2021,mitotic nuclear membrane reassembly (GO:0007084),3/51,1.727015605473611e-05,0.00011983373589000565,0,0,73.27941176470588,803.6209136419842,CCNB2;CCNB1;CDK1
GO_Biological_Process_2021,nuclear membrane reassembly (GO:0031468),3/54,2.0530658518209544e-05,0.0001396084779238249,0,0,68.95847750865052,744.3096195574882,CCNB2;CCNB1;CDK1
GO_Biological_Process_2021,ubiquitin-dependent protein catabolic process (GO:0006511),5/354,2.1037334863140287e-05,0.0001402488990876019,0,0,18.74976122254059,201.9201507072224,CDC20;UBE2C;PLK1;AURKB;AURKA
GO_Biological_Process_2021,positive regulation of mitotic cell cycle phase transition (GO:1901992),3/58,2.5474983887326053e-05,0.0001665672023402088,0,0,63.93048128342246,676.2447150996445,CCNB1;UBE2C;CDK1
GO_Biological_Process_2021,regulation of metaphase/anaphase transition of cell cycle (GO:1902099),2/8,2.650430025143172e-05,0.00016687892750901455,0,0,369.8888888888889,3897.964407357134,UBE2C;PLK1
GO_Biological_Process_2021,DNA damage induced protein phosphorylation (GO:0006975),2/8,2.650430025143172e-05,0.00016687892750901455,0,0,369.8888888888889,3897.964407357134,CHEK2;CHEK1
GO_Biological_Process_2021,kinetochore assembly (GO:0051382),2/9,3.405659800132413e-05,0.0002067722021508965,0,0,317.031746031746,3261.459893047559,CENPF;CENPA
GO_Biological_Process_2021,regulation of mitotic centrosome separation (GO:0046602),2/9,3.405659800132413e-05,0.0002067722021508965,0,0,317.031746031746,3261.459893047559,CHEK1;KIF11
GO_Biological_Process_2021,negative regulation of G2/M transition of mitotic cell cycle (GO:0010972),3/66,3.758775479037288e-05,0.0002242076601531014,0,0,55.78991596638655,568.4340939675292,CHEK1;AURKB;AURKA
GO_Biological_Process_2021,cellular protein modification process (GO:0006464),7/1025,3.913882425913952e-05,0.00022943448703633508,0,0,10.029771799909325,101.78609236242474,CHEK2;PLK1;CHEK1;CDK1;BIRC5;AURKB;AURKA
GO_Biological_Process_2021,regulation of intracellular signal transduction (GO:1902531),5/437,5.754096203147413e-05,0.000331591984588156,0,0,15.083333333333334,147.2587866661591,CHEK2;CHEK1;CDK1;AURKB;AURKA
GO_Biological_Process_2021,cellular response to UV (GO:0034644),3/77,5.9666458152070285e-05,0.0003381099295283983,0,0,47.47058823529412,461.7340948301653,PCNA;CHEK1;AURKB
GO_Biological_Process_2021,replicative senescence (GO:0090399),2/12,6.232515501994467e-05,0.0003417831081738901,0,0,221.88888888888889,2148.58238291385,CHEK2;CHEK1
GO_Biological_Process_2021,protein localization to condensed chromosome (GO:1903083),2/12,6.232515501994467e-05,0.0003417831081738901,0,0,221.88888888888889,2148.58238291385,CDK1;AURKB
GO_Biological_Process_2021,regulation of cyclin-dependent protein serine/threonine kinase activity (GO:0000079),3/82,7.200615497738368e-05,0.00038860464590968974,0,0,44.45495160089352,424.04506775735257,CCNB2;CCNB1;PLK1
GO_Biological_Process_2021,kinetochore organization (GO:0051383),2/13,7.361293042472065e-05,0.0003910686928813285,0,0,201.7070707070707,1919.5836350009777,CENPF;CENPA
GO_Biological_Process_2021,protein localization to kinetochore (GO:0034501),2/14,8.583035665856277e-05,0.0004489587886755591,0,0,184.88888888888889,1731.1401456194585,CDK1;AURKB
GO_Biological_Process_2021,regulation of mitotic sister chromatid separation (GO:0010965),2/16,0.0001130474302618912,0.000582365549833985,0,0,158.46031746031747,1440.0403167035038,UBE2C;PLK1
GO_Biological_Process_2021,positive regulation of cell cycle process (GO:0090068),3/101,0.0001338684386601915,0.0006793323752905241,0,0,35.801920768307326,319.30490954604386,CCNB1;AURKB;AURKA
GO_Biological_Process_2021,positive regulation of G2/M transition of mitotic cell cycle (GO:0010971),2/20,0.00017856345892201654,0.0008928172946100827,0,0,123.22222222222224,1063.4775841223657,CCNB1;CDK1
GO_Biological_Process_2021,DNA repair (GO:0006281),4/298,0.0001938396938025255,0.000955152114389256,0,0,16.739795918367346,143.0997948952094,PCNA;CHEK2;CHEK1;CDK1
GO_Biological_Process_2021,regulation of protein binding (GO:0043393),3/118,0.00021210055094831676,0.0010302026760346,0,0,30.48337595907928,257.8421143931205,PLK1;AURKB;AURKA
GO_Biological_Process_2021,positive regulation of cell cycle G2/M phase transition (GO:1902751),2/23,0.0002373444131594564,0.0011207930621418,0,0,105.6031746031746,881.3639106067293,CCNB1;CDK1
GO_Biological_Process_2021,mitotic cell cycle checkpoint signaling (GO:0007093),2/23,0.0002373444131594564,0.0011207930621418,0,0,105.6031746031746,881.3639106067293,CHEK1;AURKB
GO_Biological_Process_2021,establishment of mitotic spindle orientation (GO:0000132),2/24,0.00025876610708752327,0.0012052120056131,0,0,100.7979797979798,832.5495793111635,PLK1;CENPA
GO_Biological_Process_2021,cellular response to DNA damage stimulus (GO:0006974),4/350,0.0003577955303383317,0.0016439254096626,0,0,14.186416184971096,112.57699905417066,TOP2A;CHEK2;CHEK1;CDK1
GO_Biological_Process_2021,establishment of mitotic spindle localization (GO:0040001),2/29,0.0003795101348772626,0.0017204459447769,0,0,82.11111111111111,646.758779988934,PLK1;CENPA
GO_Biological_Process_2021,establishment of spindle orientation (GO:0051294),2/30,0.00040637445946356223,0.0018179910028633,0,0,79.17460317460318,618.2139479571657,PLK1;CENPA
GO_Biological_Process_2021,positive regulation of transferase activity (GO:0051347),3/148,0.0004127088376058064,0.0018223507115061,0,0,24.13995943204868,188.117108388032,PCNA;PLK1;AURKB
GO_Biological_Process_2021,regulation of transcription involved in G1/S transition of mitotic cell cycle (GO:0000083),2/32,0.0004628054168177868,0.0019918207812411,0,0,73.88888888888889,567.3339517497183,PCNA;TYMS
GO_Biological_Process_2021,DNA damage checkpoint signaling (GO:0000077),2/32,0.0004628054168177868,0.0019918207812411,0,0,73.88888888888889,567.3339517497183,CHEK2;CHEK1
GO_Biological_Process_2021,peptidyl-serine phosphorylation (GO:0018105),3/156,0.000481365021138088,0.0020458013398368,0,0,22.868512110726645,174.68992718194062,PLK1;CDK1;AURKA
GO_Biological_Process_2021,protein autophosphorylation (GO:0046777),3/159,0.0005088865864018103,0.0021360671527977,0,0,22.42533936651584,170.057748221093,CHEK2;AURKB;AURKA
GO_Biological_Process_2021,sister chromatid segregation (GO:0000819),2/34,0.0005228284778315545,0.0021417070176232,0,0,69.26388888888889,523.3757526021546,TOP2A;PLK1
GO_Biological_Process_2021,protein localization to chromosome (GO:0034502),2/34,0.0005228284778315545,0.0021417070176232,0,0,69.26388888888889,523.3757526021546,PLK1;CENPA
GO_Biological_Process_2021,peptidyl-serine modification (GO:0018209),3/169,0.0006078714397063578,0.002460432017859,0,0,21.063784549964563,155.9888495623248,PLK1;CDK1;AURKA
GO_Biological_Process_2021,centromere complex assembly (GO:0034508),2/37,0.0006195695304718364,0.0024782781218873,0,0,63.31746031746032,467.69351055771176,CENPF;CENPA
GO_Biological_Process_2021,DNA integrity checkpoint signaling (GO:0031570),2/39,0.0006885154392429702,0.0026907499924437,0,0,59.888888888888886,436.0493719555131,CHEK2;CHEK1
GO_Biological_Process_2021,regulation of exit from mitosis (GO:0007096),2/39,0.0006885154392429702,0.0026907499924437,0,0,59.888888888888886,436.0493719555131,CDC20;UBE2C
GO_Biological_Process_2021,microtubule bundle formation (GO:0001578),2/45,0.0009165786855226654,0.0035413267395193,0,0,51.51679586563308,360.3529107334306,PLK1;KIF20A
GO_Biological_Process_2021,regulation of protein localization to nucleus (GO:1900180),2/47,0.0009996316450557327,0.0038188175204376,0,0,49.22222222222222,340.0331999878986,PLK1;CDK1
GO_Biological_Process_2021,mitotic metaphase plate congression (GO:0007080),2/51,0.0011762077962531,0.0044434516747341,0,0,45.19501133786848,304.8611297728522,CCNB1;KIF2C
GO_Biological_Process_2021,signal transduction in response to DNA damage (GO:0042770),2/52,0.00122252374335,0.0045676711290002,0,0,44.28888888888889,297.0383992061624,CHEK2;CHEK1
GO_Biological_Process_2021,regulation of cyclin-dependent protein kinase activity (GO:1904029),2/54,0.0013177506939226,0.0048699482166706,0,0,42.58119658119658,282.3912150075315,CCNB2;CCNB1
GO_Biological_Process_2021,peptidyl-threonine phosphorylation (GO:0018107),2/60,0.0016240769248208,0.0059374855316029,0,0,38.16475095785441,245.1251605267273,CHEK1;CDK1
GO_Biological_Process_2021,positive regulation of DNA biosynthetic process (GO:2000573),2/61,0.0016781253536833,0.0060059223184454,0,0,37.516007532956685,239.7302132401702,PCNA;AURKB
GO_Biological_Process_2021,"regulation of DNA-templated transcription, initiation (GO:2000142)",2/61,0.0016781253536833,0.0060059223184454,0,0,37.516007532956685,239.7302132401702,CCNB1;CDK1
GO_Biological_Process_2021,negative regulation of cell cycle process (GO:0010948),2/64,0.0018453715711163,0.0064683127235006,0,0,35.69534050179212,224.7048323380627,CHEK1;AURKB
GO_Biological_Process_2021,regulation of transcription initiation from RNA polymerase II promoter (GO:0060260),2/64,0.0018453715711163,0.0064683127235006,0,0,35.69534050179212,224.7048323380627,CCNB1;CDK1
GO_Biological_Process_2021,positive regulation of cell cycle (GO:0045787),2/66,0.001961104016553,0.0068038302615105,0,0,34.576388888888886,215.55777257871145,CCNB1;CHEK1
GO_Biological_Process_2021,peptidyl-threonine modification (GO:0018210),2/67,0.0020202359976765,0.0069381842344445,0,0,34.042735042735046,211.21954341363585,CHEK1;CDK1
GO_Biological_Process_2021,positive regulation of protein localization to nucleus (GO:1900182),2/68,0.0020802097196089,0.0070727130466703,0,0,33.525252525252526,207.02804146104276,PLK1;CDK1
GO_Biological_Process_2021,cellular response to light stimulus (GO:0071482),2/70,0.0022026761035863,0.0074149492595976,0,0,32.5359477124183,199.05760409273051,PCNA;AURKB
GO_Biological_Process_2021,positive regulation of cellular protein localization (GO:1903829),2/71,0.002265165629135,0.0075505520971169,0,0,32.06280193236715,195.2659072256636,PLK1;CDK1
GO_Biological_Process_2021,negative regulation of protein binding (GO:0032091),2/74,0.0024576407666974,0.0081126005890984,0,0,30.72222222222222,184.5961136225927,AURKB;AURKA
GO_Biological_Process_2021,positive regulation of proteasomal ubiquitin-dependent protein catabolic process (GO:0032436),2/79,0.0027950276574232,0.009137590418499,0,0,28.72005772005772,168.87144870732206,CDC20;PLK1
GO_Biological_Process_2021,spindle assembly (GO:0051225),2/84,0.0031529901666195,0.0102096824442917,0,0,26.962059620596207,155.2853944898215,CHEK2;KIF11
GO_Biological_Process_2021,G1/S transition of mitotic cell cycle (GO:0000082),2/85,0.0032270347482887,0.0102541291067118,0,0,26.63587684069612,152.78849293856263,PCNA;TYMS
GO_Biological_Process_2021,"retrograde vesicle-mediated transport, Golgi to endoplasmic reticulum (GO:0006890)",2/85,0.0032270347482887,0.0102541291067118,0,0,26.63587684069612,152.78849293856263,KIF2C;KIF11
GO_Biological_Process_2021,negative regulation of binding (GO:0051100),2/88,0.0034540449719347,0.0108738452820167,0,0,25.702842377260986,145.6890896619056,AURKB;AURKA
GO_Biological_Process_2021,cellular macromolecule biosynthetic process (GO:0034645),3/314,0.0035843154557223,0.0111804335316109,0,0,11.160771704180064,62.84840112392925,CHEK1;CDK1;TYMS
GO_Biological_Process_2021,ciliary basal body-plasma membrane docking (GO:0097711),2/95,0.0040119852700405,0.0124006817437616,0,0,23.759856630824373,131.11803417110073,PLK1;CDK1
GO_Biological_Process_2021,antigen processing and presentation of exogenous peptide antigen via MHC class II (GO:0019886),2/98,0.0042631105931237,0.0130581765915503,0,0,23.01388888888889,125.60419474591951,KIF2C;KIF11
GO_Biological_Process_2021,response to UV (GO:0009411),2/99,0.0043484089895178,0.0132005272896078,0,0,22.77548682703322,123.85185041479878,PCNA;AURKB
GO_Biological_Process_2021,antigen processing and presentation of peptide antigen via MHC class II (GO:0002495),2/100,0.004434499847536,0.0133427429040907,0,0,22.54195011337869,122.13995997533476,KIF2C;KIF11
GO_Biological_Process_2021,epithelial cell differentiation (GO:0030855),2/101,0.0045213816583109,0.0134848224896993,0,0,22.31313131313131,120.46720485255872,PCNA;CDK1
GO_Biological_Process_2021,antigen processing and presentation of exogenous peptide antigen (GO:0002478),2/103,0.004697512123196,0.013888296712058,0,0,21.869086908690868,117.23410068902288,KIF2C;KIF11
GO_Biological_Process_2021,positive regulation of cellular metabolic process (GO:0031325),2/105,0.0048767883644565,0.014139581971863,0,0,21.44228694714132,114.14304848253492,CCNB1;CDK1
GO_Biological_Process_2021,positive regulation of attachment of spindle microtubules to kinetochore (GO:0051987),1/5,0.0049904406959516,0.014139581971863,0,0,262.8421052631579,1393.123889480945,CCNB1
GO_Biological_Process_2021,pyrimidine deoxyribonucleotide biosynthetic process (GO:0009221),1/5,0.0049904406959516,0.014139581971863,0,0,262.8421052631579,1393.123889480945,TYMS
GO_Biological_Process_2021,apoptotic chromosome condensation (GO:0030263),1/5,0.0049904406959516,0.014139581971863,0,0,262.8421052631579,1393.123889480945,TOP2A
GO_Biological_Process_2021,positive regulation of deoxyribonuclease activity (GO:0032077),1/5,0.0049904406959516,0.014139581971863,0,0,262.8421052631579,1393.123889480945,PCNA
GO_Biological_Process_2021,DNA replication (GO:0006260),2/108,0.0051515748448776,0.0144754995641189,0,0,20.832285115303986,109.75391117798864,CHEK1;CDK1
GO_Biological_Process_2021,regulation of protein serine/threonine kinase activity (GO:0071900),2/111,0.0054333720331805,0.0151421843547655,0,0,20.25586136595311,105.63827374651856,CCNB2;CCNB1
GO_Biological_Process_2021,regulation of apoptotic process (GO:0042981),4/742,0.0056642990435132,0.0156574119901991,0,0,6.5182926829268295,33.72285733841482,TOP2A;PLK1;CDK1;BIRC5
GO_Biological_Process_2021,negative regulation of cytokinesis (GO:0032466),1/6,0.0059856908667451,0.0157762394937469,0,0,210.26315789473685,1076.2074808846232,AURKB
GO_Biological_Process_2021,free ubiquitin chain polymerization (GO:0010994),1/6,0.0059856908667451,0.0157762394937469,0,0,210.26315789473685,1076.2074808846232,UBE2C
GO_Biological_Process_2021,regulation of mitotic sister chromatid segregation (GO:0033047),1/6,0.0059856908667451,0.0157762394937469,0,0,210.26315789473685,1076.2074808846232,CCNB1
GO_Biological_Process_2021,regulation of mitotic spindle checkpoint (GO:1903504),1/6,0.0059856908667451,0.0157762394937469,0,0,210.26315789473685,1076.2074808846232,CCNB1
GO_Biological_Process_2021,histone-serine phosphorylation (GO:0035404),1/6,0.0059856908667451,0.0157762394937469,0,0,210.26315789473685,1076.2074808846232,AURKB
GO_Biological_Process_2021,protein localization to nuclear envelope (GO:0090435),1/6,0.0059856908667451,0.0157762394937469,0,0,210.26315789473685,1076.2074808846232,PLK1
GO_Biological_Process_2021,negative regulation of programmed cell death (GO:0043069),3/381,0.006146062837316,0.0160743181899035,0,0,9.15126050420168,46.59770227601413,PLK1;CDK1;BIRC5
GO_Biological_Process_2021,epithelium development (GO:0060429),2/122,0.0065259614572547,0.0169376098890581,0,0,18.38888888888889,92.53228181387864,PCNA;CDK1
GO_Biological_Process_2021,regulation of glial cell differentiation (GO:0045685),1/7,0.0069799958941807,0.0173226175476019,0,0,175.21052631578948,869.8689177892479,CDK1
GO_Biological_Process_2021,cleavage furrow formation (GO:0036089),1/7,0.0069799958941807,0.0173226175476019,0,0,175.21052631578948,869.8689177892479,AURKB
GO_Biological_Process_2021,positive regulation of synaptic plasticity (GO:0031915),1/7,0.0069799958941807,0.0173226175476019,0,0,175.21052631578948,869.8689177892479,CDC20
GO_Biological_Process_2021,Golgi disassembly (GO:0090166),1/7,0.0069799958941807,0.0173226175476019,0,0,175.21052631578948,869.8689177892479,CDK1
GO_Biological_Process_2021,regulation of muscle organ development (GO:0048634),1/7,0.0069799958941807,0.0173226175476019,0,0,175.21052631578948,869.8689177892479,CENPF
GO_Biological_Process_2021,DNA ligation (GO:0006266),1/7,0.0069799958941807,0.0173226175476019,0,0,175.21052631578948,869.8689177892479,TOP2A
GO_Biological_Process_2021,protein modification by small protein conjugation (GO:0032446),3/409,0.0074728505205134,0.0184113708476419,0,0,8.507968704723268,41.659088026550855,PCNA;UBE2C;PLK1
GO_Biological_Process_2021,negative regulation of B cell apoptotic process (GO:0002903),1/8,0.0079733565142536,0.0185680905126453,0,0,150.17293233082708,725.5830081396662,AURKB
GO_Biological_Process_2021,regulation of striated muscle tissue development (GO:0016202),1/8,0.0079733565142536,0.0185680905126453,0,0,150.17293233082708,725.5830081396662,CENPF
GO_Biological_Process_2021,negative regulation of chromosome organization (GO:2001251),1/8,0.0079733565142536,0.0185680905126453,0,0,150.17293233082708,725.5830081396662,TOP2A
GO_Biological_Process_2021,positive regulation of chromosome segregation (GO:0051984),1/8,0.0079733565142536,0.0185680905126453,0,0,150.17293233082708,725.5830081396662,CCNB1
GO_Biological_Process_2021,mitotic spindle elongation (GO:0000022),1/8,0.0079733565142536,0.0185680905126453,0,0,150.17293233082708,725.5830081396662,AURKB
GO_Biological_Process_2021,mitotic spindle midzone assembly (GO:0051256),1/8,0.0079733565142536,0.0185680905126453,0,0,150.17293233082708,725.5830081396662,AURKB
GO_Biological_Process_2021,negative regulation of mitotic nuclear division (GO:0045839),1/8,0.0079733565142536,0.0185680905126453,0,0,150.17293233082708,725.5830081396662,CHEK1
GO_Biological_Process_2021,regulation of protein localization to cell cortex (GO:1904776),1/8,0.0079733565142536,0.0185680905126453,0,0,150.17293233082708,725.5830081396662,PLK1
GO_Biological_Process_2021,regulation of cellular component organization (GO:0051128),2/139,0.0083942929149811,0.0194153713679835,0,0,16.093268450932683,76.9290936521396,MKI67;AURKA
GO_Biological_Process_2021,tetrahydrofolate interconversion (GO:0035999),1/9,0.0089657734963174,0.0200550196628152,0,0,131.39473684210526,619.439581424405,TYMS
GO_Biological_Process_2021,positive regulation of DNA-directed DNA polymerase activity (GO:1900264),1/9,0.0089657734963174,0.0200550196628152,0,0,131.39473684210526,619.439581424405,PCNA
GO_Biological_Process_2021,positive regulation of synapse maturation (GO:0090129),1/9,0.0089657734963174,0.0200550196628152,0,0,131.39473684210526,619.439581424405,CDC20
GO_Biological_Process_2021,DNA topological change (GO:0006265),1/9,0.0089657734963174,0.0200550196628152,0,0,131.39473684210526,619.439581424405,TOP2A
GO_Biological_Process_2021,regulation of DNA-directed DNA polymerase activity (GO:1900262),1/9,0.0089657734963174,0.0200550196628152,0,0,131.39473684210526,619.439581424405,PCNA
GO_Biological_Process_2021,regulation of attachment of spindle microtubules to kinetochore (GO:0051988),1/10,0.0099572476243861,0.0219835337161773,0,0,116.78947368421052,538.3357753631753,CCNB1
GO_Biological_Process_2021,negative regulation of lymphocyte apoptotic process (GO:0070229),1/10,0.0099572476243861,0.0219835337161773,0,0,116.78947368421052,538.3357753631753,AURKB
GO_Biological_Process_2021,regulation of histone H3-K9 acetylation (GO:2000615),1/11,0.0109477797028559,0.0232640318685689,0,0,105.10526315789474,474.5101770765117,CHEK1
GO_Biological_Process_2021,regulation of synapse maturation (GO:0090128),1/11,0.0109477797028559,0.0232640318685689,0,0,105.10526315789474,474.5101770765117,CDC20
GO_Biological_Process_2021,chromatin-mediated maintenance of transcription (GO:0048096),1/11,0.0109477797028559,0.0232640318685689,0,0,105.10526315789474,474.5101770765117,CHEK1
GO_Biological_Process_2021,tetrahydrofolate metabolic process (GO:0046653),1/11,0.0109477797028559,0.0232640318685689,0,0,105.10526315789474,474.5101770765117,TYMS
GO_Biological_Process_2021,Golgi inheritance (GO:0048313),1/11,0.0109477797028559,0.0232640318685689,0,0,105.10526315789474,474.5101770765117,CDK1
GO_Biological_Process_2021,negative regulation of nuclear division (GO:0051784),1/11,0.0109477797028559,0.0232640318685689,0,0,105.10526315789474,474.5101770765117,CHEK1
GO_Biological_Process_2021,negative regulation of apoptotic process (GO:0043066),3/485,0.011886116384168,0.0245982180831131,0,0,7.138638027825238,31.641186763723237,PLK1;CDK1;BIRC5
GO_Biological_Process_2021,exit from mitosis (GO:0010458),1/12,0.0119373705403343,0.0245982180831131,0,0,95.54545454545456,423.0830518492731,UBE2C
GO_Biological_Process_2021,negative regulation of cell division (GO:0051782),1/12,0.0119373705403343,0.0245982180831131,0,0,95.54545454545456,423.0830518492731,AURKB
GO_Biological_Process_2021,attachment of mitotic spindle microtubules to kinetochore (GO:0051315),1/12,0.0119373705403343,0.0245982180831131,0,0,95.54545454545456,423.0830518492731,KIF2C
GO_Biological_Process_2021,regulation of B cell apoptotic process (GO:0002902),1/12,0.0119373705403343,0.0245982180831131,0,0,95.54545454545456,423.0830518492731,AURKB
GO_Biological_Process_2021,cellular protein-containing complex assembly (GO:0034622),2/168,0.0120670598354949,0.0247156647233029,0,0,13.262382864792505,58.583603758242354,CENPF;CENPA
GO_Biological_Process_2021,chromatin organization involved in regulation of transcription (GO:0034401),1/13,0.0129260209528938,0.0260050125679521,0,0,87.57894736842105,380.8381798737429,CHEK1
GO_Biological_Process_2021,regulation of mitotic cell cycle spindle assembly checkpoint (GO:0090266),1/13,0.0129260209528938,0.0260050125679521,0,0,87.57894736842105,380.8381798737429,CCNB1
GO_Biological_Process_2021,mitotic DNA integrity checkpoint signaling (GO:0044774),1/13,0.0129260209528938,0.0260050125679521,0,0,87.57894736842105,380.8381798737429,CHEK2
GO_Biological_Process_2021,"negative regulation of transcription, DNA-templated (GO:0045892)",4/948,0.0132328928738873,0.0264657857477747,0,0,5.041313559322034,21.80393151888992,CENPF;PLK1;BIRC5;AURKB
GO_Biological_Process_2021,positive regulation of developmental process (GO:0051094),2/177,0.013326967399019,0.0264980638343069,0,0,12.574603174603174,54.2967048547936,CDC20;AURKA
GO_Biological_Process_2021,covalent chromatin modification (GO:0016569),1/14,0.01391373176082,0.0273449063507445,0,0,80.83805668016194,345.57291333057793,AURKB
GO_Biological_Process_2021,regulation of chromatin organization (GO:1902275),1/14,0.01391373176082,0.0273449063507445,0,0,80.83805668016194,345.57291333057793,MKI67
GO_Biological_Process_2021,protein ubiquitination (GO:0016567),3/525,0.0147044623163987,0.0287328573998596,0,0,6.578093306288032,27.756950618955265,PCNA;UBE2C;PLK1
GO_Biological_Process_2021,mitotic intra-S DNA damage checkpoint signaling (GO:0031573),1/15,0.0149005037888985,0.0289495502184315,0,0,75.06015037593986,315.7300332957057,CHEK2
GO_Biological_Process_2021,resolution of meiotic recombination intermediates (GO:0000712),1/16,0.0158863378646896,0.0305161292316071,0,0,70.05263157894737,290.1787210723924,TOP2A
GO_Biological_Process_2021,response to organophosphorus (GO:0046683),1/16,0.0158863378646896,0.0305161292316071,0,0,70.05263157894737,290.1787210723924,TYMS
GO_Biological_Process_2021,negative regulation of cellular macromolecule biosynthetic process (GO:2000113),3/547,0.0164043146610367,0.0313340841840027,0,0,6.304930795847751,25.914595215685477,CENPF;BIRC5;TYMS
GO_Biological_Process_2021,positive regulation of DNA replication (GO:0045740),1/17,0.0168712348172723,0.0315176914168824,0,0,65.67105263157895,268.0787715603985,PCNA
GO_Biological_Process_2021,positive regulation of telomere capping (GO:1904355),1/17,0.0168712348172723,0.0315176914168824,0,0,65.67105263157895,268.0787715603985,AURKB
GO_Biological_Process_2021,midbody abscission (GO:0061952),1/17,0.0168712348172723,0.0315176914168824,0,0,65.67105263157895,268.0787715603985,KIF20A
GO_Biological_Process_2021,DNA biosynthetic process (GO:0071897),1/17,0.0168712348172723,0.0315176914168824,0,0,65.67105263157895,268.0787715603985,TYMS
GO_Biological_Process_2021,regulation of single stranded viral RNA replication via double stranded DNA intermediate (GO:0045091),1/18,0.0178551954764704,0.0324639917754007,0,0,61.80495356037152,248.79341471282052,TOP2A
GO_Biological_Process_2021,microtubule depolymerization (GO:0007019),1/18,0.0178551954764704,0.0324639917754007,0,0,61.80495356037152,248.79341471282052,KIF2C
GO_Biological_Process_2021,regulation of catabolic process (GO:0009894),1/18,0.0178551954764704,0.0324639917754007,0,0,61.80495356037152,248.79341471282052,CHEK2
GO_Biological_Process_2021,DNA conformation change (GO:0071103),1/18,0.0178551954764704,0.0324639917754007,0,0,61.80495356037152,248.79341471282052,TOP2A
GO_Biological_Process_2021,DNA strand elongation involved in DNA replication (GO:0006271),1/18,0.0178551954764704,0.0324639917754007,0,0,61.80495356037152,248.79341471282052,PCNA
GO_Biological_Process_2021,nuclear membrane organization (GO:0071763),1/19,0.0188382206720142,0.0337105001499202,0,0,58.36842105263158,231.8316321803268,PLK1
GO_Biological_Process_2021,regulation of mitotic spindle assembly (GO:1901673),1/19,0.0188382206720142,0.0337105001499202,0,0,58.36842105263158,231.8316321803268,PLK1
GO_Biological_Process_2021,positive regulation of mitochondrial fission (GO:0090141),1/19,0.0188382206720142,0.0337105001499202,0,0,58.36842105263158,231.8316321803268,AURKA
GO_Biological_Process_2021,negative regulation of cyclin-dependent protein serine/threonine kinase activity (GO:0045736),1/20,0.019820311238232,0.034558491389738,0,0,55.29362880886426,216.80897525048425,PLK1
GO_Biological_Process_2021,nucleobase-containing compound biosynthetic process (GO:0034654),1/20,0.019820311238232,0.034558491389738,0,0,55.29362880886426,216.80897525048425,TYMS
GO_Biological_Process_2021,mitotic cytokinetic process (GO:1902410),1/20,0.019820311238232,0.034558491389738,0,0,55.29362880886426,216.80897525048425,KIF20A
GO_Biological_Process_2021,regulation of nuclear division (GO:0051783),1/20,0.019820311238232,0.034558491389738,0,0,55.29362880886426,216.80897525048425,MKI67
GO_Biological_Process_2021,regulation of protein localization to cell periphery (GO:1904375),1/20,0.019820311238232,0.034558491389738,0,0,55.29362880886426,216.80897525048425,PLK1
GO_Biological_Process_2021,error-prone translesion synthesis (GO:0042276),1/21,0.0208014680109953,0.035901010780398,0,0,52.526315789473685,203.4203291515269,PCNA
GO_Biological_Process_2021,protein localization to chromatin (GO:0071168),1/21,0.0208014680109953,0.035901010780398,0,0,52.526315789473685,203.4203291515269,PLK1
GO_Biological_Process_2021,error-free translesion synthesis (GO:0070987),1/22,0.0217816918149241,0.0370288760853709,0,0,50.02255639097744,191.42059056605152,PCNA
GO_Biological_Process_2021,negative regulation of cyclin-dependent protein kinase activity (GO:1904030),1/22,0.0217816918149241,0.0370288760853709,0,0,50.02255639097744,191.42059056605152,PLK1
GO_Biological_Process_2021,regulation of centrosome cycle (GO:0046605),1/22,0.0217816918149241,0.0370288760853709,0,0,50.02255639097744,191.42059056605152,AURKA
GO_Biological_Process_2021,ERK1 and ERK2 cascade (GO:0070371),1/23,0.0227609834903901,0.0383105662709536,0,0,47.74641148325359,180.6107068727385,CDK1
GO_Biological_Process_2021,regulation of telomere capping (GO:1904353),1/23,0.0227609834903901,0.0383105662709536,0,0,47.74641148325359,180.6107068727385,AURKB
GO_Biological_Process_2021,apoptotic nuclear changes (GO:0030262),1/24,0.0237393438664972,0.0395655731108287,0,0,45.66819221967963,170.827422984315,TOP2A
GO_Biological_Process_2021,"nucleotide-excision repair, DNA gap filling (GO:0006297)",1/24,0.0237393438664972,0.0395655731108287,0,0,45.66819221967963,170.827422984315,PCNA
GO_Biological_Process_2021,positive regulation of peptidyl-threonine phosphorylation (GO:0010800),1/25,0.0247167737784927,0.0405975994429349,0,0,43.76315789473684,161.93563879493826,PLK1
GO_Biological_Process_2021,regulation of spindle assembly (GO:0090169),1/25,0.0247167737784927,0.0405975994429349,0,0,43.76315789473684,161.93563879493826,PLK1
GO_Biological_Process_2021,regulation of mitochondrial fission (GO:0090140),1/25,0.0247167737784927,0.0405975994429349,0,0,43.76315789473684,161.93563879493826,AURKA
GO_Biological_Process_2021,positive regulation of nuclear division (GO:0051785),1/27,0.0266688455361458,0.0429734951767278,0,0,40.392712550607285,146.39366123411943,AURKA
GO_Biological_Process_2021,nucleobase-containing small molecule interconversion (GO:0015949),1/27,0.0266688455361458,0.0429734951767278,0,0,40.392712550607285,146.39366123411943,TYMS
GO_Biological_Process_2021,microtubule polymerization or depolymerization (GO:0031109),1/27,0.0266688455361458,0.0429734951767278,0,0,40.392712550607285,146.39366123411943,KIF2C
GO_Biological_Process_2021,positive regulation of mitotic cell cycle (GO:0045931),1/27,0.0266688455361458,0.0429734951767278,0,0,40.392712550607285,146.39366123411943,CCNB1
GO_Biological_Process_2021,regulation of multicellular organismal development (GO:2000026),1/28,0.0276434890482457,0.0441257571662138,0,0,38.89473684210526,139.56851455439977,CDK1
GO_Biological_Process_2021,protein depolymerization (GO:0051261),1/28,0.0276434890482457,0.0441257571662138,0,0,38.89473684210526,139.56851455439977,KIF2C
GO_Biological_Process_2021,regulation of ubiquitin-protein transferase activity (GO:0051438),1/29,0.0286172054274548,0.0448380177204361,0,0,37.50375939849624,133.2788782141628,PLK1
GO_Biological_Process_2021,mismatch repair (GO:0006298),1/29,0.0286172054274548,0.0448380177204361,0,0,37.50375939849624,133.2788782141628,PCNA
GO_Biological_Process_2021,positive regulation of viral genome replication (GO:0045070),1/29,0.0286172054274548,0.0448380177204361,0,0,37.50375939849624,133.2788782141628,TOP2A
GO_Biological_Process_2021,protein K11-linked ubiquitination (GO:0070979),1/29,0.0286172054274548,0.0448380177204361,0,0,37.50375939849624,133.2788782141628,UBE2C
GO_Biological_Process_2021,protein deubiquitination (GO:0016579),2/267,0.0287993639897493,0.0449164392500678,0,0,8.266247379454926,29.323702286109626,CDC20;CDK1
GO_Biological_Process_2021,CENP-A containing chromatin organization (GO:0061641),1/30,0.0295899955032417,0.0455230700049872,0,0,36.2087114337568,127.46621354176987,CENPA
GO_Biological_Process_2021,CENP-A containing nucleosome assembly (GO:0034080),1/30,0.0295899955032417,0.0455230700049872,0,0,36.2087114337568,127.46621354176987,CENPA
GO_Biological_Process_2021,plasma membrane invagination (GO:0099024),1/30,0.0295899955032417,0.0455230700049872,0,0,36.2087114337568,127.46621354176987,AURKB
GO_Biological_Process_2021,protein modification by small protein removal (GO:0070646),2/276,0.0306133676355901,0.0468853378202731,0,0,7.991078669910786,27.85944551836786,CDC20;CDK1
GO_Biological_Process_2021,liver development (GO:0001889),1/32,0.0315328000758389,0.0476495645590454,0,0,33.869269949066215,117.07681999296598,AURKA
GO_Biological_Process_2021,chromatin remodeling at centromere (GO:0031055),1/32,0.0315328000758389,0.0476495645590454,0,0,33.869269949066215,117.07681999296598,CENPA
GO_Biological_Process_2021,positive regulation of telomere maintenance (GO:0032206),1/32,0.0315328000758389,0.0476495645590454,0,0,33.869269949066215,117.07681999296598,AURKB
GO_Biological_Process_2021,regulation of histone acetylation (GO:0035065),1/33,0.0325028162269628,0.0486826322342174,0,0,32.80921052631579,112.41841533087528,CHEK1
GO_Biological_Process_2021,positive regulation of telomere maintenance via telomerase (GO:0032212),1/33,0.0325028162269628,0.0486826322342174,0,0,32.80921052631579,112.41841533087528,AURKB
GO_Biological_Process_2021,positive regulation of telomerase activity (GO:0051973),1/34,0.0334719094011011,0.0494802138972799,0,0,31.8133971291866,108.07165990908112,AURKB
GO_Biological_Process_2021,organelle disassembly (GO:1903008),1/34,0.0334719094011011,0.0494802138972799,0,0,31.8133971291866,108.07165990908112,CDK1
GO_Biological_Process_2021,protein destabilization (GO:0031648),1/34,0.0334719094011011,0.0494802138972799,0,0,31.8133971291866,108.07165990908112,PLK1
GO_Biological_Process_2021,"base-excision repair, gap-filling (GO:0006287)",1/35,0.0344400804224879,0.050472531653646,0,0,30.876160990712076,104.00740624656504,PCNA
GO_Biological_Process_2021,regulation of mitotic spindle organization (GO:0060236),1/35,0.0344400804224879,0.050472531653646,0,0,30.876160990712076,104.00740624656504,PLK1
GO_Biological_Process_2021,regulation of microtubule-based process (GO:0032886),1/36,0.0354073301248565,0.0510105603493695,0,0,29.99248120300752,100.19997336732251,AURKA
GO_Biological_Process_2021,positive regulation of telomere maintenance via telomere lengthening (GO:1904358),1/36,0.0354073301248565,0.0510105603493695,0,0,29.99248120300752,100.19997336732251,AURKB
GO_Biological_Process_2021,regulation of embryonic development (GO:0045995),1/36,0.0354073301248565,0.0510105603493695,0,0,29.99248120300752,100.19997336732251,CDK1
GO_Biological_Process_2021,positive regulation of mitotic nuclear division (GO:0045840),1/36,0.0354073301248565,0.0510105603493695,0,0,29.99248120300752,100.19997336732251,AURKA
GO_Biological_Process_2021,positive regulation of cytokinesis (GO:0032467),1/37,0.0363736593292806,0.0519623704704008,0,0,29.157894736842103,96.62665093408292,AURKB
GO_Biological_Process_2021,"nucleotide-excision repair, DNA incision, 5'-to lesion (GO:0006296)",1/37,0.0363736593292806,0.0519623704704008,0,0,29.157894736842103,96.62665093408292,PCNA
GO_Biological_Process_2021,negative regulation of G0 to G1 transition (GO:0070317),1/38,0.0373390688738262,0.0528970142379205,0,0,28.36842105263158,93.26728562261796,CHEK1
GO_Biological_Process_2021,histone exchange (GO:0043486),1/38,0.0373390688738262,0.0528970142379205,0,0,28.36842105263158,93.26728562261796,CENPA
GO_Biological_Process_2021,replication fork processing (GO:0031297),1/39,0.0383035595748703,0.0533738125223603,0,0,27.62049861495845,90.10393439678076,PCNA
GO_Biological_Process_2021,"nucleotide-excision repair, DNA incision (GO:0033683)",1/39,0.0383035595748703,0.0533738125223603,0,0,27.62049861495845,90.10393439678076,PCNA
GO_Biological_Process_2021,DNA replication-independent nucleosome assembly (GO:0006336),1/39,0.0383035595748703,0.0533738125223603,0,0,27.62049861495845,90.10393439678076,CENPA
GO_Biological_Process_2021,regulation of peptidyl-threonine phosphorylation (GO:0010799),1/39,0.0383035595748703,0.0533738125223603,0,0,27.62049861495845,90.10393439678076,PLK1
GO_Biological_Process_2021,cilium assembly (GO:0060271),2/314,0.0387574278139377,0.0537858181907708,0,0,7.004273504273504,22.766920730918883,PLK1;CDK1
GO_Biological_Process_2021,regulation of G0 to G1 transition (GO:0070316),1/41,0.0402297877766736,0.0556021457075977,0,0,26.23684210526316,84.30284540999916,CHEK1
GO_Biological_Process_2021,negative regulation of gene expression (GO:0010629),2/322,0.0405679662626547,0.055842544653047,0,0,6.826388888888889,21.877050910197102,TYMS;AURKA
GO_Biological_Process_2021,translesion synthesis (GO:0019985),1/42,0.0411915269172122,0.0560204766074087,0,0,25.59563543003851,81.63786025385905,PCNA
GO_Biological_Process_2021,regulation of DNA recombination (GO:0000018),1/42,0.0411915269172122,0.0560204766074087,0,0,25.59563543003851,81.63786025385905,CHEK1
GO_Biological_Process_2021,regulation of double-strand break repair (GO:2000779),1/42,0.0411915269172122,0.0560204766074087,0,0,25.59563543003851,81.63786025385905,CHEK1
GO_Biological_Process_2021,DNA synthesis involved in DNA repair (GO:0000731),1/43,0.0421523505298068,0.056872218968787,0,0,24.98496240601504,79.11400474395023,PCNA
GO_Biological_Process_2021,DNA-dependent DNA replication maintenance of fidelity (GO:0045005),1/43,0.0421523505298068,0.056872218968787,0,0,24.98496240601504,79.11400474395023,PCNA
GO_Biological_Process_2021,positive regulation of cell division (GO:0051781),1/44,0.0431122594296053,0.0579374237393906,0,0,24.402692778457773,76.72079424655034,AURKB
GO_Biological_Process_2021,regulation of DNA repair (GO:0006282),1/45,0.044071254437806,0.0589930177513938,0,0,23.84688995215311,74.44873932423765,PCNA
GO_Biological_Process_2021,regulation of telomerase activity (GO:0051972),1/46,0.0450293363875485,0.0595718847150448,0,0,23.31578947368421,72.28923154104575,AURKB
GO_Biological_Process_2021,postreplication repair (GO:0006301),1/46,0.0450293363875485,0.0595718847150448,0,0,23.31578947368421,72.28923154104575,PCNA
GO_Biological_Process_2021,regulation of double-strand break repair via homologous recombination (GO:0010569),1/46,0.0450293363875485,0.0595718847150448,0,0,23.31578947368421,72.28923154104575,CHEK1
GO_Biological_Process_2021,telomere organization (GO:0032200),1/47,0.0459865060964822,0.0606023723752091,0,0,22.80778032036613,70.23444455974413,PCNA
GO_Biological_Process_2021,positive regulation of DNA repair (GO:0045739),1/48,0.0469427643840033,0.0609180911853478,0,0,22.32138857782755,68.27724816722397,PCNA
GO_Biological_Process_2021,base-excision repair (GO:0006284),1/48,0.0469427643840033,0.0609180911853478,0,0,22.32138857782755,68.27724816722397,PCNA
GO_Biological_Process_2021,negative regulation of mitotic cell cycle (GO:0045930),1/48,0.0469427643840033,0.0609180911853478,0,0,22.32138857782755,68.27724816722397,CHEK1
GO_Biological_Process_2021,regulation of protein metabolic process (GO:0051246),1/48,0.0469427643840033,0.0609180911853478,0,0,22.32138857782755,68.27724816722397,CHEK2
GO_Biological_Process_2021,cellular response to mechanical stimulus (GO:0071260),1/49,0.0478981120694178,0.061921513701909,0,0,21.855263157894736,66.41113333547993,CHEK1
GO_Biological_Process_2021,intrinsic apoptotic signaling pathway in response to DNA damage (GO:0008630),1/51,0.0498060789247286,0.0641441925545748,0,0,20.978947368421053,62.92883309083605,CHEK2
GO_Biological_Process_2021,regulation of telomere maintenance via telomerase (GO:0032210),1/52,0.0507586997365511,0.0651243694733109,0,0,20.56656346749226,61.30218505418602,AURKB
GO_Biological_Process_2021,regulation of DNA replication (GO:0006275),1/53,0.051710413228189,0.0658484662830872,0,0,20.17004048582996,59.74559828701417,PCNA
GO_Biological_Process_2021,cellular macromolecule catabolic process (GO:0044265),1/53,0.051710413228189,0.0658484662830872,0,0,20.17004048582996,59.74559828701417,CHEK2
GO_Biological_Process_2021,regulation of proteolysis (GO:0030162),1/54,0.0526612202157059,0.066809010721418,0,0,19.788480635551142,58.25483230121243,PLK1
GO_Biological_Process_2021,positive regulation of response to DNA damage stimulus (GO:2001022),1/55,0.0536111215176,0.0677612688326543,0,0,19.42105263157895,56.82597555721978,PCNA
GO_Biological_Process_2021,telomere maintenance (GO:0000723),1/56,0.0545601179499192,0.0686283327636797,0,0,19.066985645933013,55.45541451142644,PCNA
GO_Biological_Process_2021,negative regulation of cell cycle G2/M phase transition (GO:1902750),1/57,0.0555082103235644,0.0686283327636797,0,0,18.72556390977444,54.1398060702703,AURKA
GO_Biological_Process_2021,positive regulation of proteolysis (GO:0045862),1/57,0.0555082103235644,0.0686283327636797,0,0,18.72556390977444,54.1398060702703,PLK1
GO_Biological_Process_2021,renal system development (GO:0072001),1/57,0.0555082103235644,0.0686283327636797,0,0,18.72556390977444,54.1398060702703,CENPF
GO_Biological_Process_2021,"positive regulation of gene expression, epigenetic (GO:0045815)",1/57,0.0555082103235644,0.0686283327636797,0,0,18.72556390977444,54.1398060702703,CHEK1
GO_Biological_Process_2021,protein K48-linked ubiquitination (GO:0070936),1/57,0.0555082103235644,0.0686283327636797,0,0,18.72556390977444,54.1398060702703,UBE2C
GO_Biological_Process_2021,positive regulation of mitochondrion organization (GO:0010822),1/58,0.0564553994621354,0.06954650658379,0,0,18.39612188365651,52.87605301742885,AURKA
GO_Biological_Process_2021,protein polymerization (GO:0051258),1/59,0.0574016861834188,0.0704569433298281,0,0,18.07803992740472,51.661282065881295,UBE2C
GO_Biological_Process_2021,cellular protein catabolic process (GO:0044257),1/60,0.058347071283324,0.0713597274688135,0,0,17.770740410347905,50.492824203227855,CHEK2
GO_Biological_Process_2021,positive regulation of DNA metabolic process (GO:0051054),1/63,0.0611778250716139,0.0745536219510707,0,0,16.908319185059423,47.24134484792992,PCNA
GO_Biological_Process_2021,protein catabolic process (GO:0030163),1/64,0.0621196118687717,0.0754309572692227,0,0,16.639097744360903,46.23495322747936,CHEK2
GO_Biological_Process_2021,"regulation of transcription, DNA-templated (GO:0006355)",5/2244,0.0653693210209038,0.079094552124937,0,0,2.641208873008784,7.204431327834661,CENPF;PCNA;CHEK2;BIRC5;TYMS
GO_Biological_Process_2021,organelle assembly (GO:0070925),2/425,0.0665485304658642,0.080235816873737,0,0,5.137115839243499,13.920678846937072,CENPF;CENPA
GO_Biological_Process_2021,kidney development (GO:0001822),1/70,0.0677515123929905,0.081397576726561,0,0,15.187643020594964,40.88374528633187,CENPF
GO_Biological_Process_2021,transcription-coupled nucleotide-excision repair (GO:0006283),1/73,0.0705554002871621,0.0844677327381518,0,0,14.552631578947368,38.5842224505161,PCNA
GO_Biological_Process_2021,nucleic acid phosphodiester bond hydrolysis (GO:0090305),1/75,0.0724202061022377,0.0863960353500379,0,0,14.157894736842104,37.16829530659873,PCNA
GO_Biological_Process_2021,negative regulation of protein serine/threonine kinase activity (GO:0071901),1/78,0.0752107517706809,0.0894113832238864,0,0,13.604237867395762,35.20043603994484,PLK1
GO_Biological_Process_2021,positive regulation of ubiquitin-dependent protein catabolic process (GO:2000060),1/79,0.0761391600452789,0.0901997017958008,0,0,13.429149797570853,34.58264664318254,PLK1
GO_Biological_Process_2021,negative regulation of cell cycle (GO:0045786),1/80,0.077066682850071,0.0909815005868894,0,0,13.258494337108594,33.982637627801715,PLK1
GO_Biological_Process_2021,negative regulation of nucleic acid-templated transcription (GO:1903507),2/464,0.0775362371786344,0.0912191025630993,0,0,4.694083694083695,12.00281836174562,CENPF;BIRC5
GO_Biological_Process_2021,positive regulation of protein ubiquitination (GO:0031398),1/82,0.0789190752282122,0.0925258123365246,0,0,12.929824561403509,32.8331213455501,PLK1
GO_Biological_Process_2021,negative regulation of cellular amide metabolic process (GO:0034249),1/86,0.0826132694677771,0.0961935329419322,0,0,12.318885448916408,30.718187529247054,TYMS
GO_Biological_Process_2021,positive regulation of proteasomal protein catabolic process (GO:1901800),1/86,0.0826132694677771,0.0961935329419322,0,0,12.318885448916408,30.718187529247054,PLK1
GO_Biological_Process_2021,regulation of transcription from RNA polymerase II promoter in response to stress (GO:0043618),1/87,0.0835346163259223,0.0969343670676231,0,0,12.175030599755202,30.22444243789128,CHEK1
GO_Biological_Process_2021,sensory perception of mechanical stimulus (GO:0050954),1/88,0.0844550840845328,0.0976691448596638,0,0,12.03448275862069,29.7436505826784,BIRC5
GO_Biological_Process_2021,negative regulation of translation (GO:0017148),1/90,0.0862933855050247,0.0994567832939267,0,0,11.762862211709049,28.81903981668561,TYMS
GO_Biological_Process_2021,sensory perception of sound (GO:0007605),1/91,0.0872112207421384,0.1001750508524562,0,0,11.63157894736842,28.37433281380585,BIRC5
GO_Biological_Process_2021,negative regulation of mitotic cell cycle phase transition (GO:1901991),1/92,0.0881281800641533,0.1008874788613203,0,0,11.50318102949682,27.94080032839929,AURKA
GO_Biological_Process_2021,negative regulation of cellular protein metabolic process (GO:0032269),1/94,0.0899594741237405,0.1026383261814489,0,0,11.254668930390492,27.10569960599241,TYMS
GO_Biological_Process_2021,intrinsic apoptotic signaling pathway (GO:0097193),1/102,0.0972497716409988,0.1094864978739722,0,0,10.359041167274622,24.14146206514577,CHEK2
GO_Biological_Process_2021,positive regulation of cellular protein metabolic process (GO:0032270),1/102,0.0972497716409988,0.1094864978739722,0,0,10.359041167274622,24.14146206514577,PLK1
GO_Biological_Process_2021,regulation of proteasomal ubiquitin-dependent protein catabolic process (GO:0032434),1/102,0.0972497716409988,0.1094864978739722,0,0,10.359041167274622,24.14146206514577,PLK1
GO_Biological_Process_2021,regulation of protein catabolic process (GO:0042176),1/102,0.0972497716409988,0.1094864978739722,0,0,10.359041167274622,24.14146206514577,CHEK2
GO_Biological_Process_2021,nucleotide-excision repair (GO:0006289),1/105,0.0999693020078418,0.1121767745302516,0,0,10.058704453441296,23.16411122367751,PCNA
GO_Biological_Process_2021,chromosome organization (GO:0051276),1/106,0.1008740813042086,0.1124497955522325,0,0,9.962406015037594,22.852586421851232,TOP2A
GO_Biological_Process_2021,protein localization to nucleus (GO:0034504),1/106,0.1008740813042086,0.1124497955522325,0,0,9.962406015037594,22.852586421851232,PLK1
GO_Biological_Process_2021,positive regulation of cellular component organization (GO:0051130),1/114,0.1080812731653967,0.1196991298900159,0,0,9.253376804843969,20.587577159291502,CDC20
GO_Biological_Process_2021,histone modification (GO:0016570),1/114,0.1080812731653967,0.1196991298900159,0,0,9.253376804843969,20.587577159291502,AURKB
GO_Biological_Process_2021,positive regulation of macromolecule biosynthetic process (GO:0010557),1/129,0.1214470850948444,0.1340649640657373,0,0,8.162828947368421,17.209501461061883,PCNA
GO_Biological_Process_2021,Golgi organization (GO:0007030),1/130,0.1223313401018362,0.1346040635424735,0,0,8.099143206854345,17.016478165448806,CDK1
GO_Biological_Process_2021,organic substance transport (GO:0071702),1/136,0.1276191407145621,0.139969380138552,0,0,7.736842105263157,15.927874858789918,CENPF
GO_Biological_Process_2021,positive regulation of cellular process (GO:0048522),2/625,0.1280792984083829,0.1400223841120585,0,0,3.452291778134475,7.094824470120034,CHEK1;BIRC5
GO_Biological_Process_2021,nitrogen compound transport (GO:0071705),1/143,0.1337499897609051,0.145753193970217,0,0,7.3528539659006675,14.792346387731271,CENPF
GO_Biological_Process_2021,brain development (GO:0007420),1/150,0.1398398929473613,0.1519027591121496,0,0,7.004945249028612,13.78052850470674,CENPF
GO_Biological_Process_2021,negative regulation of transcription by RNA polymerase II (GO:0000122),2/684,0.1482357204997013,0.1605100158277021,0,0,3.144020853698273,6.00178353267604,PLK1;AURKB
GO_Biological_Process_2021,double-strand break repair (GO:0006302),1/164,0.1518978967110384,0.1639532853388986,0,0,6.398773006134969,12.058786655225672,CHEK2
GO_Biological_Process_2021,regulation of translation (GO:0006417),1/178,0.1637952066689923,0.1762353489476499,0,0,5.888492417484389,10.653097581617864,TYMS
GO_Biological_Process_2021,protein stabilization (GO:0050821),1/179,0.1646389193089532,0.1765843298581832,0,0,5.855115316380839,10.56263137333112,CHEK2
GO_Biological_Process_2021,positive regulation of cellular biosynthetic process (GO:0031328),1/180,0.1654818231902095,0.176930251209658,0,0,5.822111143781241,10.473360337315544,PCNA
GO_Biological_Process_2021,regulation of transcription by RNA polymerase II (GO:0006357),4/2206,0.1720615534112903,0.183388489529275,0,0,2.018392370572207,3.552174783137712,CCNB1;PLK1;CDK1;AURKB
GO_Biological_Process_2021,negative regulation of macromolecule metabolic process (GO:0010605),1/194,0.1771979675200528,0.1876863207377506,0,0,5.39596400327243,9.337649395873846,AURKA
GO_Biological_Process_2021,regulation of programmed cell death (GO:0043067),1/194,0.1771979675200528,0.1876863207377506,0,0,5.39596400327243,9.337649395873846,BIRC5
GO_Biological_Process_2021,apoptotic process (GO:0006915),1/231,0.2074145235836311,0.2190091242808527,0,0,4.519450800915332,7.109258623489633,CHEK1
GO_Biological_Process_2021,membrane organization (GO:0061024),1/242,0.2161925536081246,0.2275711090611838,0,0,4.3107665429133,6.602308895436678,KIF20A
GO_Biological_Process_2021,positive regulation of programmed cell death (GO:0043068),1/286,0.2503897650204493,0.2627546916881258,0,0,3.6371191135734073,5.03645164637162,TOP2A
GO_Biological_Process_2021,MAPK cascade (GO:0000165),1/303,0.2632187632222048,0.2753673215247681,0,0,3.429417915650052,4.577483442184301,CDK1
GO_Biological_Process_2021,positive regulation of apoptotic process (GO:0043065),1/310,0.2684404297418134,0.2799685463564925,0,0,3.350536535513541,4.406378558844449,TOP2A
GO_Biological_Process_2021,protein polyubiquitination (GO:0000209),1/314,0.2714084346558195,0.2821983724250111,0,0,3.307045569194552,4.312818838709516,UBE2C
GO_Biological_Process_2021,regulation of gene expression (GO:0010468),2/1079,0.2940060436648778,0.3047623623355441,0,0,1.9501702259362423,2.3873105455077424,CHEK2;AURKA
GO_Biological_Process_2021,supramolecular fiber organization (GO:0097435),1/351,0.2983254853341996,0.3082998936584434,0,0,2.95187969924812,3.5705055879105934,KIF2C
GO_Biological_Process_2021,protein transport (GO:0015031),1/369,0.3110760705675902,0.3205026181605474,0,0,2.804919908466819,3.275354895762432,CENPF
GO_Biological_Process_2021,positive regulation of protein phosphorylation (GO:0001934),1/371,0.3124791360451185,0.3209755475992154,0,0,2.789473684210526,3.244764819188342,PLK1
GO_Biological_Process_2021,"positive regulation of transcription, DNA-templated (GO:0045893)",2/1183,0.333198472327761,0.3412273511790324,0,0,1.7686518016746635,1.9437783149682988,CHEK2;CHEK1
GO_Biological_Process_2021,cellular protein metabolic process (GO:0044267),1/417,0.3440103141156844,0.3512417621601583,0,0,2.4752024291497974,2.641248015764207,CHEK2
GO_Biological_Process_2021,regulation of nucleic acid-templated transcription (GO:1903506),1/430,0.352669225192599,0.35900460049546,0,0,2.3986013986013988,2.499881624177612,CHEK2
GO_Biological_Process_2021,regulation of cellular macromolecule biosynthetic process (GO:2000112),1/468,0.3773616406889254,0.38299390398279,0,0,2.1991434689507496,2.143178109415244,CHEK2
GO_Biological_Process_2021,positive regulation of cell population proliferation (GO:0008284),1/474,0.3811776854229255,0.3857155150112937,0,0,2.170579726271281,2.093501673175354,BIRC5
GO_Biological_Process_2021,cellular response to cytokine stimulus (GO:0071345),1/482,0.3862311934886067,0.3896694533712945,0,0,2.133603238866397,2.02973760246591,BIRC5
GO_Biological_Process_2021,positive regulation of nucleic acid-templated transcription (GO:1903508),1/511,0.4042234856234526,0.4066153405679701,0,0,2.0092879256965945,1.819987629272792,CHEK2
GO_Biological_Process_2021,cytokine-mediated signaling pathway (GO:0019221),1/621,0.4680196786401496,0.4694002676626869,0,0,1.6434634974533109,1.247791337239054,BIRC5
GO_Biological_Process_2021,regulation of cell population proliferation (GO:0042127),1/764,0.5412963956096314,0.5412963956096314,0,0,1.3255846037111128,0.8136282991662311,BIRC5
